13.0,-33.0,7.0,7.0,15.0,4.0,4.0,14.0,4.0,-27.0,15.0,-3.0,-17.0,8.0,-5.0,2.0,-8.0,-17.0,-9.0,-13.0,-26.0,-9.0,3.0,1.0,-3.0,-14.0,-36.0,-7.0,23.0,7.0,12.0,-5.0,-13.0,10.0,-5.0,5.0,-8.0,-10.0,-8.0,-8.0,5.0,49.0,69.0,24.0,13.0,-2.0,-8.0,1.0,29.0,-25.0,-33.0,-9.0,-4.0,15.0,43.0,-2.0,-10.0,1.0,21.0,5.0,-8.0,-14.0,-14.0,10.0,2
0.0,2.0,13.0,-5.0,-25.0,-7.0,15.0,0.0,-16.0,18.0,4.0,-1.0,-9.0,-11.0,-16.0,-7.0,-14.0,3.0,20.0,-5.0,10.0,8.0,-3.0,-10.0,6.0,-7.0,-55.0,3.0,2.0,22.0,11.0,2.0,2.0,9.0,14.0,7.0,21.0,15.0,7.0,0.0,5.0,-11.0,8.0,-2.0,-4.0,-3.0,-7.0,-5.0,6.0,-9.0,-61.0,-13.0,-6.0,-20.0,11.0,-6.0,-18.0,2.0,-44.0,-11.0,-18.0,-4.0,19.0,-1.0,2
1.0,-9.0,-4.0,14.0,40.0,3.0,-10.0,8.0,11.0,68.0,65.0,5.0,12.0,-2.0,6.0,0.0,-14.0,-27.0,-47.0,-19.0,-17.0,5.0,-15.0,-10.0,4.0,3.0,7.0,-3.0,-3.0,-3.0,17.0,-9.0,14.0,-13.0,-28.0,-18.0,-7.0,-1.0,-10.0,24.0,-15.0,-15.0,26.0,22.0,2.0,-5.0,-1.0,1.0,7.0,6.0,56.0,1.0,14.0,0.0,7.0,1.0,-18.0,2.0,-6.0,-4.0,-16.0,-9.0,-19.0,-9.0,2
-10.0,1.0,-26.0,-4.0,-14.0,9.0,15.0,-5.0,21.0,17.0,-18.0,-2.0,10.0,-11.0,10.0,1.0,4.0,-4.0,35.0,-3.0,-2.0,3.0,-10.0,1.0,-17.0,-40.0,-40.0,-10.0,12.0,-52.0,-15.0,-10.0,7.0,54.0,75.0,23.0,-6.0,-16.0,-16.0,6.0,-17.0,-6.0,-13.0,4.0,1.0,16.0,8.0,-3.0,-4.0,-4.0,-4.0,-3.0,-19.0,2.0,4.0,3.0,4.0,6.0,-22.0,0.0,10.0,12.0,-2.0,4.0,2
-13.0,0.0,2.0,0.0,6.0,-11.0,0.0,-15.0,4.0,-50.0,-42.0,-10.0,15.0,4.0,-8.0,-1.0,11.0,17.0,41.0,11.0,-2.0,10.0,35.0,2.0,24.0,92.0,100.0,19.0,6.0,9.0,-16.0,13.0,-20.0,-56.0,-46.0,-15.0,-3.0,14.0,-29.0,-10.0,8.0,-7.0,23.0,0.0,-18.0,-4.0,13.0,7.0,-3.0,24.0,-66.0,-14.0,-5.0,2.0,7.0,-6.0,2.0,-24.0,-15.0,-3.0,23.0,1.0,31.0,8.0,2
-2.0,12.0,24.0,2.0,0.0,-3.0,-10.0,-9.0,-8.0,-5.0,17.0,2.0,-14.0,-3.0,-15.0,-8.0,15.0,-12.0,21.0,4.0,33.0,4.0,13.0,5.0,3.0,26.0,35.0,4.0,5.0,-7.0,6.0,3.0,-10.0,-19.0,5.0,7.0,-7.0,-12.0,-21.0,-7.0,-11.0,-13.0,-41.0,-12.0,-14.0,-8.0,-13.0,-11.0,26.0,44.0,21.0,4.0,1.0,-1.0,7.0,9.0,4.0,12.0,-16.0,0.0,-3.0,-1.0,9.0,2.0,2
-5.0,28.0,21.0,10.0,1.0,1.0,-10.0,-5.0,-9.0,-79.0,20.0,5.0,1.0,1.0,9.0,-1.0,-4.0,-19.0,-73.0,-21.0,20.0,-2.0,-8.0,0.0,-3.0,-1.0,24.0,-5.0,-12.0,14.0,20.0,-2.0,1.0,-12.0,-18.0,-4.0,-10.0,-18.0,-30.0,2.0,-2.0,9.0,11.0,3.0,9.0,-26.0,-18.0,-3.0,3.0,-26.0,30.0,-1.0,-15.0,14.0,22.0,6.0,-10.0,31.0,-7.0,-8.0,1.0,-16.0,-4.0,-11.0,2
12.0,-14.0,-48.0,-8.0,-3.0,13.0,5.0,1.0,-13.0,16.0,-4.0,2.0,-8.0,4.0,-30.0,6.0,-1.0,14.0,-2.0,7.0,-4.0,-15.0,14.0,3.0,-5.0,-34.0,27.0,-1.0,3.0,-6.0,-20.0,0.0,-24.0,-14.0,6.0,7.0,7.0,2.0,2.0,-10.0,-5.0,-17.0,-16.0,-5.0,-2.0,10.0,4.0,-2.0,15.0,54.0,-21.0,-11.0,-7.0,-3.0,0.0,3.0,5.0,31.0,-2.0,2.0,-5.0,4.0,-14.0,0.0,2
4.0,-74.0,-24.0,-5.0,9.0,2.0,8.0,-1.0,15.0,88.0,101.0,11.0,0.0,9.0,-4.0,9.0,-26.0,-47.0,-43.0,0.0,-4.0,-4.0,-1.0,-10.0,-2.0,-12.0,15.0,3.0,2.0,0.0,6.0,-3.0,-2.0,-9.0,-36.0,-1.0,-1.0,3.0,-16.0,7.0,-3.0,-39.0,-12.0,-5.0,7.0,3.0,19.0,-3.0,-1.0,7.0,7.0,2.0,-5.0,-15.0,-4.0,-6.0,4.0,2.0,-15.0,-5.0,6.0,1.0,-2.0,1.0,2
1.0,-7.0,21.0,9.0,-10.0,13.0,23.0,-2.0,-11.0,0.0,-31.0,-10.0,40.0,-8.0,-31.0,-2.0,7.0,-26.0,-27.0,-8.0,-5.0,18.0,-5.0,3.0,-15.0,-41.0,-38.0,-1.0,-3.0,-18.0,12.0,-5.0,28.0,73.0,45.0,2.0,3.0,-11.0,-3.0,1.0,9.0,-52.0,-28.0,-7.0,-25.0,-3.0,35.0,7.0,-6.0,26.0,-24.0,4.0,-2.0,10.0,-2.0,-5.0,-6.0,-29.0,24.0,1.0,9.0,-28.0,3.0,6.0,2
10.0,52.0,2.0,-7.0,-17.0,-8.0,2.0,-5.0,-10.0,-34.0,-3.0,7.0,-6.0,2.0,-7.0,-12.0,-2.0,-42.0,-1.0,-6.0,-29.0,4.0,-9.0,-7.0,8.0,37.0,-9.0,4.0,5.0,-15.0,5.0,-1.0,5.0,41.0,21.0,1.0,-13.0,11.0,-16.0,1.0,-10.0,0.0,2.0,-7.0,-3.0,-2.0,-1.0,-5.0,-12.0,-42.0,-75.0,1.0,19.0,16.0,-14.0,-6.0,18.0,44.0,88.0,19.0,-38.0,-19.0,14.0,11.0,2
-10.0,-2.0,-52.0,-4.0,24.0,0.0,-16.0,4.0,-20.0,-46.0,10.0,11.0,5.0,-2.0,-3.0,-13.0,2.0,11.0,-3.0,-11.0,-1.0,-11.0,11.0,1.0,15.0,3.0,32.0,3.0,-6.0,17.0,-3.0,2.0,-14.0,-20.0,6.0,2.0,-2.0,-3.0,-21.0,-5.0,2.0,1.0,14.0,-2.0,-10.0,-3.0,-1.0,3.0,5.0,-19.0,31.0,10.0,14.0,-7.0,-9.0,2.0,-8.0,-8.0,-76.0,-16.0,10.0,19.0,-6.0,-1.0,2
-14.0,-44.0,-13.0,-8.0,-11.0,-12.0,7.0,-6.0,26.0,66.0,62.0,16.0,33.0,10.0,27.0,5.0,13.0,42.0,22.0,-6.0,-41.0,-30.0,-12.0,9.0,-8.0,-29.0,-42.0,3.0,-16.0,4.0,-13.0,-6.0,5.0,-3.0,-3.0,-11.0,2.0,14.0,1.0,3.0,-9.0,-10.0,-82.0,-10.0,-10.0,-24.0,-15.0,0.0,-5.0,26.0,52.0,14.0,25.0,3.0,7.0,-4.0,6.0,-3.0,-13.0,-2.0,7.0,7.0,7.0,-1.0,2
-12.0,-29.0,-4.0,-1.0,-9.0,-17.0,-13.0,-6.0,-16.0,-26.0,4.0,-9.0,-8.0,0.0,17.0,-2.0,-24.0,-14.0,-33.0,-9.0,-12.0,-9.0,-39.0,-9.0,31.0,56.0,-25.0,-5.0,22.0,18.0,46.0,-6.0,-2.0,-4.0,41.0,11.0,0.0,-18.0,-17.0,13.0,-15.0,-16.0,-12.0,-9.0,-7.0,-12.0,-27.0,-3.0,-8.0,-26.0,-16.0,0.0,-2.0,-1.0,14.0,-3.0,-4.0,22.0,98.0,2.0,0.0,-2.0,-12.0,-4.0,2
11.0,5.0,-122.0,-14.0,-2.0,16.0,30.0,2.0,1.0,8.0,-9.0,11.0,-5.0,5.0,5.0,7.0,0.0,-27.0,23.0,4.0,25.0,-7.0,13.0,-3.0,-9.0,14.0,-6.0,-3.0,-33.0,-2.0,-24.0,-3.0,6.0,-19.0,-14.0,-1.0,11.0,-3.0,1.0,-2.0,2.0,3.0,14.0,-5.0,-27.0,-7.0,-6.0,1.0,-4.0,-14.0,9.0,2.0,20.0,25.0,15.0,-3.0,5.0,20.0,30.0,1.0,10.0,-25.0,68.0,2.0,2
-17.0,-44.0,22.0,-4.0,-15.0,-14.0,-81.0,-7.0,29.0,64.0,-40.0,7.0,-3.0,3.0,13.0,8.0,12.0,20.0,89.0,9.0,7.0,17.0,13.0,3.0,-25.0,-32.0,13.0,1.0,-22.0,-5.0,-18.0,-1.0,-2.0,21.0,-29.0,-3.0,2.0,-8.0,30.0,-2.0,-2.0,-11.0,-2.0,-9.0,-10.0,11.0,2.0,2.0,-2.0,6.0,-5.0,-5.0,-7.0,-5.0,-1.0,-3.0,3.0,-43.0,-70.0,0.0,11.0,6.0,-25.0,-1.0,2
-1.0,56.0,13.0,-10.0,4.0,12.0,14.0,0.0,-14.0,-24.0,11.0,12.0,2.0,17.0,-13.0,-2.0,-6.0,-10.0,9.0,1.0,-4.0,-10.0,16.0,-3.0,-1.0,-20.0,2.0,-3.0,11.0,5.0,-31.0,6.0,-10.0,-87.0,-42.0,-4.0,6.0,4.0,4.0,-12.0,3.0,74.0,5.0,-13.0,-6.0,-8.0,35.0,0.0,-9.0,3.0,24.0,6.0,0.0,0.0,-50.0,7.0,-7.0,-10.0,0.0,0.0,13.0,4.0,27.0,-6.0,2
12.0,36.0,28.0,0.0,0.0,7.0,-4.0,2.0,-13.0,-39.0,-17.0,-1.0,-13.0,24.0,-25.0,-4.0,-11.0,-73.0,-35.0,-1.0,34.0,-26.0,11.0,-11.0,9.0,29.0,35.0,0.0,-9.0,37.0,-27.0,8.0,5.0,62.0,41.0,9.0,5.0,-25.0,19.0,8.0,-11.0,-80.0,-10.0,-5.0,1.0,10.0,6.0,-9.0,-9.0,20.0,-53.0,-15.0,-26.0,0.0,-5.0,0.0,-2.0,-30.0,-52.0,-1.0,-2.0,-5.0,-15.0,0.0,2
4.0,0.0,17.0,5.0,9.0,11.0,22.0,2.0,-15.0,-37.0,-15.0,-8.0,7.0,-10.0,-16.0,-8.0,3.0,62.0,63.0,2.0,-13.0,-2.0,-6.0,-2.0,-1.0,-60.0,-33.0,-2.0,-8.0,-8.0,1.0,1.0,4.0,29.0,-48.0,-9.0,-7.0,13.0,5.0,6.0,-5.0,-1.0,25.0,4.0,9.0,-2.0,16.0,0.0,-12.0,-35.0,-63.0,-10.0,-6.0,-5.0,-19.0,-11.0,9.0,49.0,11.0,11.0,-8.0,19.0,-2.0,-2.0,2
8.0,-4.0,90.0,5.0,24.0,-43.0,-5.0,4.0,15.0,28.0,-6.0,2.0,-43.0,-6.0,7.0,0.0,5.0,27.0,9.0,2.0,13.0,6.0,5.0,8.0,-21.0,-41.0,-34.0,-15.0,-17.0,0.0,-8.0,-7.0,23.0,25.0,-21.0,20.0,32.0,18.0,27.0,2.0,3.0,29.0,23.0,0.0,4.0,-15.0,-38.0,1.0,-6.0,7.0,-26.0,13.0,-13.0,-30.0,12.0,0.0,-10.0,22.0,10.0,-10.0,18.0,-6.0,3.0,-4.0,2
5.0,-45.0,-27.0,-8.0,-10.0,17.0,30.0,-11.0,-4.0,57.0,46.0,-5.0,2.0,-4.0,-75.0,10.0,7.0,6.0,-8.0,3.0,4.0,14.0,-3.0,1.0,5.0,-34.0,39.0,19.0,13.0,-11.0,0.0,1.0,-19.0,-26.0,2.0,-4.0,-16.0,7.0,15.0,-5.0,0.0,-13.0,-31.0,2.0,20.0,2.0,47.0,-1.0,4.0,10.0,10.0,-7.0,-24.0,-5.0,-23.0,-2.0,15.0,-28.0,-15.0,-8.0,6.0,-11.0,-11.0,2.0,2
-8.0,-23.0,-25.0,-7.0,-48.0,-1.0,-19.0,-9.0,4.0,1.0,2.0,6.0,8.0,7.0,40.0,9.0,0.0,13.0,19.0,9.0,-14.0,3.0,10.0,7.0,-12.0,4.0,-13.0,-10.0,29.0,-14.0,0.0,-9.0,-8.0,-31.0,-25.0,-1.0,-12.0,-5.0,-7.0,-6.0,-15.0,-18.0,-47.0,-25.0,0.0,-9.0,-16.0,-10.0,30.0,12.0,47.0,21.0,8.0,19.0,39.0,12.0,11.0,33.0,-9.0,-5.0,1.0,-3.0,-4.0,5.0,2
-9.0,20.0,22.0,-3.0,-1.0,6.0,-23.0,0.0,9.0,-15.0,-27.0,-8.0,-12.0,-19.0,-2.0,-3.0,-4.0,-16.0,-3.0,0.0,12.0,1.0,-4.0,-4.0,-1.0,25.0,-6.0,-4.0,-5.0,25.0,60.0,-1.0,-10.0,-8.0,-12.0,9.0,10.0,-16.0,-46.0,4.0,5.0,31.0,47.0,9.0,-1.0,4.0,-7.0,-3.0,3.0,-4.0,27.0,-6.0,-8.0,-3.0,-4.0,-1.0,-28.0,-44.0,-23.0,-1.0,10.0,1.0,-13.0,-7.0,2
15.0,65.0,20.0,-5.0,-27.0,2.0,10.0,8.0,4.0,27.0,-50.0,-1.0,25.0,1.0,8.0,1.0,-13.0,-21.0,15.0,1.0,3.0,-2.0,-12.0,-5.0,-10.0,-9.0,-16.0,-12.0,-20.0,-3.0,-31.0,1.0,4.0,40.0,35.0,1.0,12.0,8.0,1.0,-4.0,10.0,-20.0,8.0,7.0,2.0,-12.0,9.0,1.0,-1.0,16.0,24.0,-12.0,-4.0,13.0,0.0,3.0,14.0,27.0,-2.0,10.0,24.0,-14.0,-11.0,-6.0,2
0.0,-50.0,-40.0,2.0,6.0,12.0,33.0,12.0,-11.0,-6.0,47.0,1.0,15.0,-3.0,-70.0,-3.0,-12.0,-32.0,-58.0,-9.0,-38.0,-7.0,6.0,-10.0,4.0,39.0,42.0,4.0,-6.0,0.0,1.0,1.0,-2.0,-48.0,-11.0,-8.0,-14.0,-2.0,-20.0,3.0,-10.0,-13.0,-23.0,-5.0,2.0,12.0,17.0,-3.0,-10.0,-25.0,-14.0,2.0,52.0,8.0,-8.0,-2.0,1.0,-5.0,-3.0,-3.0,-5.0,-6.0,-33.0,-2.0,2
11.0,46.0,15.0,2.0,-12.0,-8.0,12.0,-3.0,-15.0,-33.0,-16.0,-2.0,-21.0,3.0,31.0,6.0,-1.0,33.0,53.0,12.0,-1.0,-8.0,-15.0,-5.0,1.0,-45.0,-65.0,-5.0,1.0,9.0,10.0,-3.0,4.0,6.0,1.0,-6.0,3.0,-3.0,-3.0,-1.0,-17.0,-57.0,-18.0,-6.0,-6.0,8.0,12.0,2.0,10.0,4.0,5.0,-2.0,0.0,-1.0,2.0,-1.0,-9.0,13.0,47.0,8.0,10.0,-1.0,-3.0,-1.0,2
-12.0,7.0,-15.0,-3.0,-8.0,0.0,5.0,-3.0,-6.0,1.0,-14.0,-5.0,-20.0,-12.0,-2.0,-6.0,-1.0,-12.0,-51.0,-12.0,4.0,0.0,9.0,2.0,5.0,13.0,42.0,1.0,-15.0,-10.0,-19.0,-7.0,14.0,-30.0,-31.0,-8.0,18.0,-2.0,3.0,4.0,6.0,29.0,15.0,10.0,3.0,40.0,13.0,3.0,2.0,41.0,-11.0,-1.0,0.0,-7.0,-50.0,8.0,-6.0,-23.0,-2.0,-1.0,-11.0,-6.0,10.0,-3.0,2
-1.0,25.0,-4.0,-14.0,-6.0,-2.0,5.0,-4.0,4.0,16.0,35.0,13.0,19.0,12.0,18.0,5.0,-6.0,-21.0,13.0,-6.0,-10.0,-1.0,25.0,-4.0,-2.0,-8.0,-7.0,6.0,0.0,-4.0,-2.0,1.0,-12.0,-9.0,17.0,2.0,2.0,4.0,-20.0,-6.0,0.0,-5.0,-14.0,-6.0,-15.0,-15.0,18.0,-2.0,9.0,26.0,-14.0,-1.0,-5.0,8.0,3.0,-5.0,19.0,11.0,41.0,11.0,-6.0,3.0,34.0,16.0,2
-25.0,-18.0,-4.0,0.0,-3.0,4.0,-15.0,-4.0,3.0,-2.0,-29.0,-17.0,11.0,-18.0,-9.0,-5.0,0.0,-8.0,8.0,16.0,-26.0,-14.0,-6.0,2.0,0.0,-8.0,8.0,-9.0,-1.0,5.0,2.0,2.0,-6.0,6.0,9.0,1.0,8.0,10.0,2.0,1.0,-7.0,-24.0,10.0,7.0,-13.0,3.0,6.0,-5.0,-2.0,15.0,17.0,3.0,6.0,0.0,44.0,1.0,-10.0,-70.0,-61.0,-20.0,-11.0,-2.0,-38.0,-6.0,2
-6.0,-25.0,-20.0,-1.0,14.0,-10.0,-38.0,-1.0,-6.0,-7.0,41.0,-1.0,4.0,8.0,14.0,-7.0,6.0,-33.0,-23.0,-3.0,1.0,-5.0,16.0,-6.0,7.0,38.0,25.0,6.0,3.0,13.0,0.0,15.0,-6.0,5.0,-3.0,0.0,29.0,4.0,-19.0,-4.0,-9.0,0.0,-6.0,2.0,10.0,-7.0,0.0,-11.0,-2.0,-8.0,21.0,0.0,-23.0,-8.0,1.0,1.0,-8.0,-16.0,-9.0,-8.0,-1.0,4.0,2.0,-6.0,2
-1.0,5.0,-27.0,-1.0,-16.0,-4.0,16.0,-1.0,2.0,-13.0,63.0,14.0,10.0,23.0,10.0,0.0,7.0,5.0,-9.0,-7.0,-1.0,-14.0,-3.0,4.0,-15.0,1.0,15.0,4.0,12.0,-9.0,-16.0,-5.0,1.0,33.0,14.0,-1.0,-27.0,-2.0,5.0,4.0,1.0,-10.0,-18.0,-4.0,1.0,0.0,8.0,0.0,15.0,7.0,-64.0,-1.0,-4.0,3.0,-3.0,4.0,-10.0,-30.0,32.0,0.0,2.0,4.0,26.0,-1.0,2
-2.0,-5.0,0.0,-13.0,-4.0,-6.0,-22.0,-3.0,-16.0,-13.0,-9.0,8.0,-7.0,-12.0,-37.0,-4.0,9.0,-1.0,15.0,6.0,6.0,-2.0,23.0,0.0,0.0,6.0,-26.0,-9.0,7.0,16.0,-19.0,-3.0,-11.0,-24.0,-6.0,-6.0,-31.0,-42.0,43.0,-3.0,3.0,16.0,-16.0,-7.0,1.0,2.0,-42.0,-4.0,19.0,19.0,18.0,-6.0,4.0,3.0,6.0,8.0,6.0,9.0,-2.0,1.0,1.0,0.0,1.0,3.0,2
-14.0,-40.0,-13.0,1.0,-1.0,2.0,-21.0,-9.0,13.0,56.0,-35.0,-10.0,-15.0,-12.0,3.0,2.0,-3.0,24.0,-21.0,11.0,17.0,-1.0,14.0,-2.0,16.0,21.0,12.0,3.0,-6.0,8.0,12.0,4.0,4.0,12.0,-20.0,-10.0,-4.0,2.0,0.0,-1.0,9.0,53.0,12.0,1.0,4.0,-5.0,11.0,-6.0,-3.0,-18.0,-1.0,-6.0,-20.0,-3.0,7.0,6.0,-3.0,-10.0,20.0,9.0,-15.0,5.0,16.0,6.0,2
-4.0,-15.0,-9.0,0.0,6.0,-1.0,-21.0,-3.0,2.0,-15.0,-7.0,-5.0,5.0,13.0,59.0,-6.0,-8.0,34.0,28.0,1.0,-17.0,-35.0,-40.0,0.0,-2.0,-21.0,-40.0,-8.0,3.0,-8.0,-13.0,-4.0,-8.0,-18.0,4.0,2.0,-14.0,4.0,14.0,-4.0,4.0,9.0,-35.0,-7.0,0.0,-5.0,9.0,4.0,-1.0,-3.0,63.0,17.0,-14.0,15.0,21.0,2.0,-3.0,9.0,-40.0,-16.0,34.0,-5.0,-12.0,-1.0,2
8.0,21.0,-47.0,-1.0,3.0,4.0,22.0,4.0,-6.0,-34.0,-19.0,-6.0,-8.0,-6.0,-45.0,-5.0,-4.0,-6.0,18.0,-4.0,29.0,4.0,22.0,0.0,-7.0,-34.0,-7.0,14.0,-56.0,-2.0,-5.0,-2.0,-2.0,15.0,-18.0,-9.0,18.0,-7.0,7.0,-8.0,-10.0,-18.0,-24.0,2.0,-10.0,1.0,-17.0,-3.0,28.0,10.0,-10.0,-8.0,10.0,3.0,32.0,8.0,-8.0,-35.0,-4.0,-3.0,18.0,17.0,-19.0,1.0,2
-5.0,16.0,-12.0,-6.0,-13.0,-10.0,-10.0,-8.0,0.0,21.0,-2.0,-4.0,-8.0,2.0,6.0,1.0,-13.0,26.0,70.0,10.0,-6.0,-7.0,-6.0,-4.0,3.0,36.0,7.0,15.0,4.0,15.0,6.0,0.0,1.0,-22.0,-13.0,1.0,20.0,-16.0,-1.0,1.0,-2.0,-20.0,1.0,1.0,-9.0,-6.0,10.0,-2.0,5.0,45.0,12.0,-13.0,11.0,1.0,2.0,1.0,-4.0,-28.0,18.0,-5.0,10.0,-2.0,-19.0,-6.0,2
0.0,24.0,-17.0,6.0,5.0,23.0,4.0,2.0,3.0,0.0,-8.0,7.0,3.0,-18.0,-14.0,5.0,-4.0,-14.0,-44.0,-16.0,-51.0,-20.0,7.0,-2.0,5.0,11.0,40.0,0.0,19.0,4.0,31.0,4.0,-15.0,-16.0,-5.0,-1.0,-2.0,0.0,-63.0,-6.0,8.0,-22.0,27.0,2.0,20.0,20.0,43.0,-3.0,-10.0,19.0,24.0,-6.0,-28.0,4.0,12.0,-4.0,-1.0,-3.0,39.0,9.0,-3.0,1.0,-4.0,-3.0,2
0.0,-27.0,-87.0,-12.0,1.0,17.0,3.0,6.0,-11.0,5.0,14.0,-1.0,-25.0,-23.0,-3.0,-1.0,-8.0,10.0,-10.0,-4.0,27.0,5.0,-4.0,-9.0,6.0,-6.0,-17.0,-8.0,-2.0,-2.0,2.0,4.0,6.0,12.0,13.0,10.0,1.0,3.0,-4.0,-2.0,2.0,0.0,0.0,-3.0,5.0,8.0,2.0,0.0,-11.0,18.0,20.0,-2.0,-15.0,-4.0,-3.0,2.0,-3.0,-27.0,-42.0,-4.0,-13.0,-5.0,-7.0,1.0,2
9.0,24.0,78.0,16.0,21.0,-4.0,28.0,0.0,-4.0,-59.0,-80.0,-16.0,-5.0,2.0,-4.0,1.0,-1.0,27.0,54.0,12.0,-1.0,-7.0,-5.0,-3.0,2.0,16.0,-11.0,-3.0,18.0,31.0,46.0,0.0,13.0,32.0,12.0,2.0,-35.0,-28.0,-28.0,1.0,-11.0,-13.0,16.0,-3.0,10.0,1.0,-1.0,1.0,15.0,24.0,23.0,1.0,-13.0,-7.0,5.0,4.0,-13.0,-6.0,-42.0,-13.0,-9.0,15.0,19.0,-1.0,2
-12.0,-40.0,8.0,-8.0,9.0,36.0,-2.0,-3.0,-6.0,-7.0,-4.0,-12.0,1.0,-52.0,-9.0,-7.0,-5.0,-22.0,-19.0,10.0,10.0,1.0,-3.0,-1.0,9.0,21.0,35.0,1.0,-23.0,-10.0,-4.0,1.0,-5.0,17.0,12.0,10.0,9.0,-7.0,-21.0,0.0,-14.0,-40.0,-77.0,-15.0,-9.0,9.0,-15.0,-4.0,-1.0,29.0,71.0,14.0,3.0,10.0,13.0,7.0,-7.0,-8.0,2.0,7.0,6.0,-4.0,-7.0,-5.0,2
2.0,-24.0,-24.0,-4.0,-3.0,-1.0,0.0,-8.0,27.0,15.0,-42.0,-4.0,9.0,19.0,-16.0,13.0,-12.0,-26.0,28.0,-1.0,-6.0,-6.0,-26.0,1.0,13.0,21.0,-4.0,0.0,-7.0,-4.0,0.0,3.0,-6.0,1.0,-47.0,-5.0,-1.0,-1.0,-2.0,3.0,6.0,-25.0,-6.0,-4.0,0.0,-3.0,-2.0,1.0,-3.0,1.0,4.0,0.0,-4.0,-6.0,-10.0,-4.0,-3.0,-6.0,-12.0,3.0,-8.0,20.0,24.0,3.0,2
3.0,-5.0,-45.0,-11.0,-10.0,-1.0,4.0,-7.0,-7.0,-45.0,32.0,4.0,-11.0,-18.0,-1.0,-1.0,2.0,13.0,18.0,-6.0,28.0,19.0,-16.0,2.0,7.0,14.0,13.0,-2.0,14.0,-14.0,-1.0,4.0,-12.0,-13.0,-18.0,-1.0,-1.0,-2.0,7.0,-5.0,-4.0,-5.0,-28.0,-8.0,-14.0,-2.0,-27.0,-10.0,-3.0,-32.0,-21.0,0.0,-6.0,8.0,11.0,-2.0,11.0,41.0,27.0,3.0,-13.0,-7.0,8.0,8.0,2
-8.0,-39.0,-2.0,-2.0,7.0,-5.0,0.0,-1.0,-4.0,17.0,24.0,10.0,35.0,2.0,-8.0,-5.0,0.0,33.0,8.0,-15.0,-30.0,-2.0,-10.0,6.0,3.0,-7.0,-6.0,-3.0,7.0,11.0,25.0,0.0,-1.0,9.0,-24.0,1.0,4.0,3.0,-2.0,-2.0,-10.0,-32.0,-17.0,-13.0,5.0,-6.0,5.0,-4.0,-1.0,-22.0,3.0,18.0,29.0,-10.0,14.0,-1.0,-3.0,-5.0,0.0,-4.0,-25.0,4.0,-1.0,-4.0,2
9.0,11.0,0.0,-8.0,-9.0,6.0,-8.0,4.0,1.0,14.0,-47.0,9.0,8.0,-9.0,0.0,1.0,-1.0,20.0,17.0,9.0,-5.0,-13.0,-7.0,2.0,-4.0,-17.0,-12.0,-3.0,7.0,4.0,-15.0,-5.0,-10.0,8.0,49.0,7.0,-1.0,3.0,-1.0,-3.0,0.0,-2.0,-34.0,-11.0,-5.0,7.0,24.0,-2.0,-11.0,-39.0,-13.0,-6.0,-15.0,-10.0,-54.0,-10.0,22.0,86.0,37.0,10.0,-4.0,6.0,17.0,17.0,2
-5.0,-25.0,-43.0,-11.0,29.0,6.0,-23.0,-3.0,-11.0,3.0,64.0,9.0,-4.0,-13.0,-19.0,-2.0,-8.0,3.0,-62.0,-3.0,5.0,16.0,12.0,-1.0,-9.0,-11.0,36.0,8.0,12.0,-7.0,-2.0,-3.0,0.0,11.0,-30.0,-1.0,-14.0,-2.0,16.0,-1.0,1.0,-15.0,-20.0,3.0,5.0,25.0,3.0,2.0,6.0,78.0,47.0,1.0,-11.0,-29.0,-6.0,0.0,8.0,-35.0,-18.0,-10.0,2.0,28.0,20.0,-2.0,2
0.0,2.0,46.0,7.0,1.0,-21.0,-4.0,0.0,-15.0,-10.0,-79.0,-13.0,-10.0,2.0,0.0,0.0,2.0,32.0,20.0,-5.0,-13.0,-2.0,29.0,-6.0,-1.0,-37.0,-15.0,16.0,11.0,6.0,-13.0,-1.0,-5.0,-15.0,6.0,-7.0,-6.0,-1.0,19.0,1.0,-5.0,2.0,-9.0,-8.0,-4.0,-13.0,-30.0,-2.0,-14.0,-41.0,-51.0,-7.0,-10.0,2.0,7.0,-4.0,20.0,51.0,98.0,14.0,11.0,-4.0,11.0,6.0,2
-2.0,-23.0,-26.0,8.0,-2.0,12.0,16.0,-1.0,-4.0,13.0,-21.0,-10.0,16.0,-2.0,3.0,0.0,9.0,9.0,41.0,2.0,-10.0,-9.0,-19.0,3.0,-17.0,-25.0,-23.0,-4.0,-3.0,13.0,-1.0,-10.0,-7.0,3.0,17.0,2.0,14.0,-10.0,-20.0,-2.0,4.0,-6.0,26.0,5.0,-7.0,7.0,22.0,5.0,4.0,-17.0,-32.0,-5.0,13.0,1.0,-6.0,0.0,-2.0,-12.0,-20.0,-3.0,8.0,-2.0,3.0,-2.0,2
-5.0,47.0,78.0,13.0,-25.0,-3.0,-18.0,-4.0,4.0,-29.0,-25.0,-10.0,3.0,-2.0,0.0,1.0,0.0,-13.0,-51.0,-5.0,-1.0,1.0,-7.0,1.0,-9.0,20.0,11.0,4.0,11.0,-6.0,4.0,-1.0,-4.0,-56.0,-33.0,-11.0,0.0,2.0,1.0,0.0,6.0,0.0,19.0,1.0,-3.0,-1.0,1.0,-2.0,7.0,59.0,32.0,3.0,-4.0,-5.0,16.0,-1.0,5.0,-28.0,-68.0,-6.0,-1.0,-5.0,-23.0,1.0,2
-1.0,-2.0,-11.0,-6.0,-10.0,20.0,4.0,3.0,-5.0,23.0,12.0,8.0,3.0,-37.0,4.0,0.0,-1.0,-12.0,20.0,-2.0,13.0,-1.0,8.0,-2.0,-9.0,-7.0,-55.0,-25.0,-34.0,2.0,-46.0,-8.0,6.0,25.0,59.0,24.0,-10.0,-4.0,4.0,-1.0,-2.0,24.0,7.0,19.0,-4.0,19.0,5.0,7.0,6.0,-33.0,0.0,2.0,9.0,6.0,-8.0,-1.0,-4.0,-8.0,17.0,0.0,8.0,-12.0,14.0,-7.0,2
4.0,51.0,-20.0,-10.0,7.0,-2.0,-2.0,8.0,1.0,2.0,-5.0,-8.0,-16.0,4.0,-1.0,-4.0,-3.0,-11.0,38.0,4.0,-2.0,-3.0,-7.0,-1.0,-8.0,-32.0,-102.0,-8.0,5.0,-4.0,-23.0,-4.0,23.0,19.0,11.0,-4.0,3.0,3.0,19.0,4.0,-2.0,15.0,73.0,10.0,10.0,-8.0,5.0,4.0,5.0,-10.0,-6.0,-6.0,-13.0,7.0,-9.0,3.0,-8.0,-21.0,9.0,-1.0,3.0,-19.0,8.0,-1.0,2
15.0,17.0,-41.0,-4.0,7.0,0.0,-18.0,1.0,-4.0,-2.0,39.0,-5.0,-3.0,1.0,9.0,-2.0,-14.0,-5.0,-6.0,-10.0,-15.0,3.0,-11.0,-3.0,17.0,37.0,2.0,12.0,13.0,11.0,33.0,8.0,-17.0,-57.0,-1.0,-6.0,8.0,-11.0,-31.0,-2.0,-5.0,-7.0,37.0,8.0,-27.0,26.0,-13.0,-5.0,7.0,33.0,-37.0,-16.0,-27.0,-40.0,12.0,1.0,-8.0,-28.0,26.0,3.0,10.0,-5.0,-11.0,-7.0,2
2.0,35.0,-18.0,5.0,-3.0,4.0,20.0,2.0,6.0,-13.0,11.0,-3.0,8.0,4.0,21.0,2.0,3.0,13.0,44.0,6.0,-4.0,11.0,36.0,3.0,2.0,-13.0,-13.0,-1.0,13.0,-5.0,9.0,3.0,-26.0,-40.0,7.0,-4.0,-9.0,-3.0,-54.0,-10.0,12.0,17.0,-68.0,-10.0,-5.0,-4.0,-7.0,-3.0,-5.0,-5.0,-10.0,-2.0,-20.0,4.0,15.0,0.0,-12.0,10.0,24.0,1.0,8.0,-7.0,-20.0,-7.0,2
-3.0,11.0,-19.0,-4.0,-9.0,-2.0,16.0,-6.0,-2.0,-7.0,-18.0,2.0,7.0,-11.0,-14.0,-4.0,6.0,7.0,53.0,4.0,2.0,16.0,10.0,-2.0,-5.0,-2.0,-10.0,-5.0,-3.0,2.0,-17.0,-1.0,-14.0,-68.0,-45.0,-6.0,-10.0,-8.0,21.0,-13.0,27.0,59.0,21.0,-2.0,44.0,25.0,17.0,18.0,-5.0,-67.0,-81.0,2.0,-11.0,-44.0,-26.0,-3.0,4.0,22.0,73.0,18.0,19.0,13.0,17.0,8.0,2
-20.0,-16.0,27.0,-1.0,-9.0,12.0,-3.0,-2.0,-13.0,-17.0,4.0,-4.0,-12.0,-23.0,-9.0,-11.0,7.0,24.0,-9.0,-2.0,-5.0,9.0,15.0,0.0,-1.0,-18.0,-24.0,-5.0,3.0,4.0,-1.0,-2.0,3.0,34.0,-8.0,0.0,3.0,-4.0,-4.0,-3.0,-7.0,-18.0,10.0,-2.0,-6.0,4.0,11.0,-1.0,9.0,23.0,-41.0,-10.0,5.0,-1.0,0.0,-4.0,17.0,22.0,46.0,8.0,6.0,-3.0,-15.0,10.0,2
-11.0,16.0,-43.0,1.0,-18.0,-1.0,3.0,4.0,1.0,-10.0,-29.0,3.0,-3.0,1.0,15.0,5.0,-8.0,-34.0,-7.0,-10.0,-4.0,-7.0,-28.0,-6.0,-1.0,1.0,-11.0,8.0,-6.0,2.0,-12.0,-8.0,2.0,16.0,41.0,4.0,15.0,7.0,14.0,4.0,-2.0,2.0,17.0,-1.0,-16.0,-4.0,-5.0,-1.0,-6.0,-18.0,-27.0,-4.0,-1.0,3.0,4.0,-1.0,0.0,-5.0,23.0,-4.0,2.0,2.0,19.0,-4.0,2
5.0,-17.0,-12.0,-5.0,5.0,-3.0,-3.0,-6.0,-12.0,19.0,-21.0,-1.0,-1.0,-26.0,-50.0,-1.0,34.0,80.0,87.0,4.0,-19.0,10.0,13.0,7.0,-2.0,8.0,-45.0,6.0,17.0,16.0,0.0,3.0,-17.0,-42.0,-34.0,-11.0,-12.0,-38.0,-6.0,-8.0,13.0,13.0,24.0,30.0,25.0,17.0,27.0,2.0,-11.0,-11.0,-65.0,0.0,2.0,4.0,7.0,2.0,-7.0,-20.0,-9.0,-8.0,-11.0,-16.0,-22.0,-8.0,2
-13.0,-23.0,-41.0,-14.0,6.0,15.0,-7.0,-6.0,20.0,-3.0,24.0,8.0,1.0,1.0,-13.0,0.0,-4.0,6.0,7.0,-1.0,-9.0,0.0,21.0,8.0,2.0,-20.0,-7.0,-2.0,-18.0,4.0,-18.0,-1.0,0.0,54.0,52.0,2.0,1.0,4.0,18.0,2.0,-15.0,-42.0,-49.0,-7.0,-8.0,-2.0,-7.0,-2.0,3.0,2.0,-24.0,3.0,11.0,-2.0,19.0,3.0,1.0,19.0,10.0,-11.0,5.0,5.0,-55.0,0.0,2
6.0,21.0,75.0,19.0,-3.0,-14.0,7.0,1.0,-12.0,-20.0,-8.0,-5.0,6.0,-1.0,6.0,-8.0,-1.0,-7.0,-9.0,1.0,-50.0,-5.0,-21.0,-2.0,-7.0,-26.0,-62.0,-15.0,19.0,8.0,10.0,4.0,12.0,17.0,-13.0,3.0,-6.0,8.0,-6.0,5.0,-13.0,-6.0,52.0,6.0,30.0,7.0,10.0,-6.0,10.0,40.0,22.0,-2.0,2.0,-8.0,-25.0,-6.0,-7.0,24.0,11.0,-3.0,-15.0,-9.0,24.0,0.0,2
-2.0,-14.0,-23.0,-3.0,-15.0,3.0,12.0,3.0,4.0,2.0,2.0,0.0,-5.0,-5.0,-6.0,1.0,-4.0,-11.0,14.0,-2.0,13.0,15.0,6.0,-2.0,2.0,-8.0,-3.0,6.0,-4.0,-16.0,23.0,-1.0,-4.0,-6.0,6.0,-5.0,14.0,-15.0,-38.0,-4.0,-14.0,38.0,-9.0,-9.0,-26.0,0.0,11.0,-2.0,-1.0,-4.0,72.0,7.0,15.0,-6.0,-12.0,6.0,16.0,20.0,-11.0,9.0,0.0,6.0,13.0,3.0,2
-9.0,-9.0,-5.0,-1.0,0.0,1.0,6.0,1.0,-2.0,3.0,-15.0,-10.0,-12.0,-9.0,-15.0,-9.0,11.0,-23.0,-38.0,-1.0,-1.0,7.0,9.0,5.0,-9.0,-5.0,72.0,7.0,17.0,-4.0,-14.0,-5.0,21.0,43.0,-25.0,-7.0,-7.0,6.0,8.0,3.0,-7.0,-28.0,-20.0,-8.0,-12.0,-2.0,-10.0,-4.0,-2.0,-25.0,-2.0,9.0,17.0,-2.0,3.0,0.0,-9.0,-28.0,-11.0,-5.0,-21.0,3.0,36.0,-4.0,2
6.0,12.0,-24.0,13.0,67.0,2.0,-21.0,-1.0,-8.0,-1.0,-22.0,-18.0,-30.0,-8.0,-16.0,6.0,-14.0,1.0,-5.0,7.0,12.0,-2.0,-13.0,-8.0,9.0,-16.0,3.0,-9.0,-4.0,-11.0,5.0,2.0,-2.0,0.0,4.0,-5.0,-18.0,14.0,4.0,0.0,11.0,18.0,-16.0,7.0,10.0,-16.0,17.0,-2.0,-11.0,-11.0,-12.0,-3.0,3.0,2.0,-2.0,2.0,-6.0,18.0,4.0,4.0,-1.0,-2.0,-10.0,-1.0,2
-12.0,-15.0,17.0,-3.0,-8.0,4.0,6.0,-4.0,-2.0,-45.0,-27.0,0.0,-6.0,7.0,-11.0,3.0,2.0,-21.0,-6.0,-7.0,-10.0,-5.0,4.0,-6.0,-1.0,-3.0,-7.0,1.0,3.0,-7.0,-6.0,-1.0,-11.0,-18.0,-5.0,3.0,-1.0,0.0,11.0,-4.0,9.0,-14.0,58.0,6.0,-11.0,12.0,-4.0,2.0,-2.0,7.0,-62.0,-9.0,2.0,-11.0,-14.0,1.0,-20.0,-40.0,-6.0,6.0,2.0,32.0,1.0,-9.0,2
12.0,80.0,53.0,9.0,-2.0,-29.0,-13.0,6.0,-7.0,11.0,-6.0,7.0,1.0,4.0,2.0,-1.0,9.0,4.0,2.0,-6.0,4.0,3.0,17.0,1.0,1.0,-23.0,-17.0,-5.0,-1.0,9.0,16.0,3.0,-4.0,-4.0,14.0,-2.0,-6.0,11.0,-42.0,-1.0,8.0,21.0,6.0,5.0,18.0,-13.0,17.0,1.0,-18.0,-35.0,12.0,-2.0,-34.0,2.0,-19.0,-8.0,6.0,67.0,10.0,-3.0,-3.0,-8.0,0.0,-3.0,2
1.0,0.0,-6.0,14.0,39.0,3.0,26.0,9.0,0.0,-4.0,81.0,-8.0,-19.0,11.0,3.0,-1.0,-3.0,8.0,50.0,24.0,26.0,-16.0,-15.0,1.0,-11.0,-19.0,-42.0,-10.0,-6.0,-10.0,-12.0,-1.0,9.0,19.0,-25.0,-12.0,-17.0,10.0,3.0,-2.0,3.0,-22.0,-20.0,5.0,8.0,0.0,-2.0,-5.0,9.0,21.0,-17.0,-10.0,8.0,8.0,3.0,5.0,-2.0,27.0,55.0,9.0,6.0,-4.0,-20.0,0.0,2
5.0,-10.0,-1.0,5.0,-6.0,0.0,6.0,3.0,-1.0,11.0,11.0,2.0,6.0,-6.0,2.0,-2.0,5.0,-13.0,38.0,2.0,0.0,5.0,19.0,1.0,-4.0,7.0,-30.0,-11.0,5.0,-22.0,1.0,-4.0,-12.0,-4.0,-39.0,-5.0,-16.0,15.0,-28.0,-3.0,5.0,-5.0,-33.0,-11.0,-7.0,-13.0,-16.0,-1.0,-4.0,3.0,18.0,10.0,16.0,4.0,22.0,0.0,-4.0,-8.0,-12.0,7.0,-2.0,17.0,-15.0,-2.0,2
-4.0,-47.0,26.0,-3.0,-6.0,-42.0,17.0,-2.0,-6.0,-28.0,-28.0,-4.0,3.0,12.0,-19.0,-5.0,11.0,21.0,-21.0,-12.0,8.0,-5.0,-11.0,2.0,-5.0,-18.0,-5.0,2.0,-49.0,10.0,14.0,1.0,0.0,-5.0,-6.0,-2.0,29.0,-2.0,7.0,-6.0,8.0,27.0,12.0,7.0,-10.0,6.0,7.0,4.0,7.0,-14.0,3.0,-6.0,9.0,3.0,23.0,-2.0,-1.0,-1.0,-26.0,-1.0,4.0,-2.0,-28.0,0.0,2
7.0,-3.0,-10.0,-13.0,-23.0,-2.0,9.0,-1.0,-27.0,-27.0,-5.0,5.0,6.0,-7.0,-9.0,-7.0,14.0,11.0,-7.0,-4.0,-4.0,12.0,11.0,5.0,1.0,-19.0,-32.0,-10.0,-4.0,-13.0,4.0,3.0,-12.0,-2.0,44.0,3.0,2.0,3.0,11.0,0.0,8.0,30.0,3.0,1.0,-8.0,-3.0,-6.0,-1.0,-7.0,-1.0,-10.0,1.0,-12.0,6.0,-8.0,0.0,2.0,23.0,-3.0,-1.0,13.0,-27.0,3.0,-5.0,2
-3.0,-47.0,-12.0,-7.0,-10.0,0.0,1.0,1.0,14.0,36.0,-10.0,-6.0,-3.0,18.0,19.0,5.0,-10.0,-7.0,1.0,-2.0,-8.0,-7.0,-7.0,-8.0,8.0,-3.0,0.0,1.0,20.0,10.0,25.0,9.0,-8.0,-14.0,-1.0,9.0,2.0,3.0,-46.0,1.0,-7.0,0.0,9.0,4.0,-22.0,-6.0,5.0,0.0,-3.0,-2.0,-12.0,-5.0,-24.0,-7.0,-15.0,-2.0,-14.0,-17.0,-28.0,-1.0,-2.0,-6.0,-22.0,-7.0,2
5.0,29.0,6.0,1.0,-9.0,-14.0,3.0,-1.0,3.0,-30.0,-51.0,-12.0,11.0,4.0,-7.0,6.0,-6.0,13.0,19.0,11.0,-3.0,-3.0,-3.0,-5.0,2.0,28.0,64.0,3.0,-10.0,7.0,8.0,-4.0,11.0,29.0,-22.0,-1.0,8.0,25.0,30.0,8.0,-9.0,8.0,23.0,-1.0,-30.0,-12.0,-26.0,-4.0,8.0,2.0,-24.0,-3.0,-3.0,-7.0,17.0,3.0,13.0,6.0,-36.0,-18.0,6.0,11.0,-2.0,5.0,2
-2.0,13.0,47.0,5.0,-5.0,2.0,15.0,2.0,-1.0,-29.0,-6.0,0.0,4.0,-5.0,-63.0,0.0,-6.0,-11.0,-21.0,-8.0,-16.0,-4.0,-1.0,-11.0,-1.0,-22.0,44.0,15.0,31.0,-12.0,27.0,11.0,-7.0,-8.0,-8.0,4.0,12.0,-6.0,-9.0,1.0,-1.0,2.0,-11.0,-2.0,1.0,1.0,28.0,-4.0,-3.0,-32.0,20.0,4.0,-11.0,7.0,9.0,0.0,-5.0,-20.0,-44.0,-18.0,-14.0,-1.0,-63.0,-11.0,2
10.0,6.0,16.0,18.0,26.0,-18.0,7.0,5.0,-6.0,-3.0,43.0,-4.0,-9.0,-7.0,15.0,2.0,-4.0,-9.0,-64.0,-7.0,0.0,0.0,-18.0,-4.0,-7.0,-1.0,9.0,-4.0,-9.0,3.0,28.0,-6.0,8.0,-10.0,-45.0,-4.0,1.0,6.0,-11.0,-3.0,-5.0,29.0,-2.0,6.0,12.0,-10.0,-11.0,5.0,6.0,5.0,33.0,0.0,-9.0,0.0,12.0,7.0,-4.0,1.0,10.0,9.0,7.0,12.0,6.0,3.0,2
-16.0,15.0,-14.0,-14.0,-18.0,-2.0,-7.0,-15.0,16.0,7.0,-18.0,-2.0,45.0,2.0,4.0,8.0,3.0,-5.0,31.0,-5.0,-47.0,1.0,21.0,1.0,2.0,26.0,9.0,0.0,0.0,-13.0,13.0,2.0,-6.0,-12.0,22.0,0.0,0.0,6.0,-28.0,-6.0,-8.0,-14.0,4.0,7.0,-1.0,5.0,4.0,-4.0,6.0,4.0,-23.0,2.0,22.0,-2.0,3.0,3.0,10.0,11.0,22.0,-2.0,-12.0,7.0,5.0,1.0,2
11.0,-5.0,6.0,-5.0,5.0,-6.0,1.0,5.0,-3.0,4.0,-13.0,-6.0,-22.0,-10.0,6.0,-6.0,-15.0,2.0,-3.0,6.0,28.0,3.0,-3.0,-3.0,-2.0,-21.0,23.0,-4.0,-8.0,-1.0,5.0,-1.0,4.0,2.0,16.0,4.0,19.0,2.0,-17.0,3.0,13.0,15.0,-17.0,-2.0,-19.0,22.0,-12.0,3.0,-15.0,-3.0,-18.0,-2.0,-5.0,-26.0,17.0,-2.0,-5.0,-3.0,-10.0,5.0,2.0,-4.0,-2.0,-3.0,2
-6.0,5.0,-17.0,-7.0,7.0,7.0,9.0,-1.0,-19.0,5.0,16.0,-9.0,-41.0,-8.0,11.0,-4.0,14.0,-47.0,4.0,-3.0,3.0,7.0,-3.0,2.0,2.0,12.0,-5.0,5.0,22.0,-4.0,-34.0,-4.0,-5.0,-3.0,-49.0,-14.0,-43.0,-10.0,15.0,2.0,-1.0,-2.0,-13.0,-16.0,-3.0,-3.0,5.0,-4.0,-14.0,-16.0,19.0,19.0,8.0,7.0,12.0,-2.0,3.0,7.0,31.0,-10.0,8.0,-8.0,20.0,-1.0,2
-2.0,2.0,-3.0,-2.0,-5.0,-2.0,-54.0,-5.0,1.0,8.0,26.0,10.0,-1.0,-8.0,0.0,-1.0,0.0,-6.0,-10.0,-1.0,-3.0,2.0,-5.0,0.0,3.0,20.0,-11.0,5.0,-12.0,0.0,-6.0,-2.0,-1.0,41.0,25.0,-6.0,-2.0,18.0,8.0,2.0,-3.0,-43.0,-8.0,-8.0,0.0,-15.0,-9.0,0.0,-1.0,68.0,-6.0,8.0,1.0,-1.0,-24.0,3.0,4.0,-55.0,-58.0,-1.0,-7.0,2.0,6.0,2.0,2
-14.0,-47.0,-70.0,-14.0,-10.0,0.0,15.0,-6.0,14.0,93.0,115.0,43.0,24.0,5.0,-3.0,-1.0,-8.0,-24.0,-42.0,-12.0,6.0,6.0,25.0,-7.0,5.0,-5.0,18.0,-5.0,-29.0,11.0,-71.0,11.0,-8.0,-27.0,-14.0,-3.0,15.0,-8.0,13.0,4.0,-7.0,-8.0,28.0,3.0,12.0,1.0,10.0,-5.0,-7.0,-16.0,-18.0,-2.0,1.0,-6.0,-19.0,-8.0,4.0,6.0,20.0,0.0,18.0,13.0,23.0,0.0,2
4.0,1.0,-33.0,-3.0,-7.0,-3.0,1.0,0.0,-7.0,-24.0,-11.0,-4.0,-8.0,1.0,-3.0,1.0,-2.0,-30.0,6.0,4.0,6.0,5.0,0.0,-5.0,-3.0,26.0,-11.0,-5.0,3.0,-4.0,6.0,-4.0,-2.0,2.0,11.0,0.0,-3.0,-9.0,5.0,-2.0,1.0,35.0,-21.0,-10.0,-2.0,-6.0,0.0,0.0,-6.0,-13.0,10.0,10.0,-4.0,-1.0,-7.0,6.0,-4.0,-21.0,-44.0,-6.0,1.0,-3.0,7.0,-3.0,2
2.0,-11.0,51.0,9.0,7.0,8.0,28.0,0.0,-12.0,-35.0,-25.0,-8.0,-6.0,-3.0,-9.0,-2.0,15.0,42.0,4.0,-8.0,-6.0,-3.0,-21.0,0.0,-4.0,34.0,23.0,6.0,5.0,-3.0,5.0,-3.0,8.0,-26.0,9.0,-4.0,8.0,5.0,8.0,1.0,4.0,-3.0,-42.0,-2.0,-11.0,-1.0,4.0,1.0,-5.0,15.0,51.0,-2.0,-6.0,3.0,8.0,-1.0,-7.0,-16.0,-25.0,-1.0,-2.0,-17.0,10.0,-4.0,2
1.0,40.0,47.0,3.0,-24.0,-2.0,-11.0,-2.0,8.0,-26.0,-57.0,-6.0,9.0,2.0,2.0,-2.0,-3.0,-6.0,-12.0,-2.0,-24.0,9.0,30.0,5.0,-2.0,20.0,-15.0,6.0,4.0,-6.0,-24.0,-2.0,-11.0,-38.0,26.0,-4.0,-12.0,-13.0,-3.0,-6.0,-2.0,19.0,-10.0,-4.0,-10.0,0.0,-15.0,0.0,-2.0,-14.0,-23.0,-2.0,5.0,-1.0,2.0,-3.0,2.0,0.0,-21.0,-4.0,6.0,9.0,8.0,1.0,2
-1.0,39.0,60.0,16.0,17.0,9.0,-23.0,1.0,0.0,13.0,-17.0,-8.0,7.0,-1.0,-5.0,2.0,-6.0,2.0,1.0,-7.0,3.0,-5.0,8.0,0.0,6.0,-18.0,-34.0,0.0,-2.0,-4.0,-10.0,1.0,8.0,-57.0,-2.0,-2.0,12.0,-16.0,5.0,6.0,-3.0,28.0,42.0,2.0,-22.0,-3.0,-10.0,2.0,-7.0,-37.0,-37.0,-3.0,22.0,-1.0,-4.0,0.0,-3.0,8.0,-8.0,-2.0,-15.0,-1.0,5.0,-4.0,2
9.0,64.0,28.0,-1.0,2.0,-5.0,4.0,-4.0,8.0,9.0,28.0,5.0,18.0,34.0,-6.0,-2.0,3.0,-27.0,-22.0,-8.0,-8.0,-31.0,-19.0,2.0,-6.0,-11.0,48.0,7.0,-8.0,1.0,9.0,-1.0,-2.0,-5.0,-65.0,-11.0,-4.0,-9.0,16.0,-3.0,-1.0,18.0,28.0,-2.0,9.0,4.0,-64.0,1.0,-9.0,-38.0,-29.0,0.0,-8.0,16.0,13.0,-1.0,5.0,37.0,57.0,9.0,6.0,-7.0,13.0,-4.0,2
-13.0,-10.0,-40.0,-7.0,-4.0,-9.0,-16.0,-2.0,0.0,-15.0,-13.0,-7.0,8.0,-4.0,28.0,-8.0,6.0,6.0,-14.0,10.0,4.0,11.0,3.0,4.0,-18.0,-31.0,-15.0,0.0,-18.0,-12.0,-21.0,0.0,3.0,-13.0,25.0,-1.0,-12.0,1.0,-10.0,2.0,5.0,-10.0,-22.0,-1.0,5.0,7.0,26.0,0.0,0.0,31.0,20.0,-1.0,-1.0,9.0,-10.0,-3.0,11.0,-11.0,10.0,3.0,16.0,-5.0,9.0,1.0,2
-5.0,12.0,-19.0,7.0,-8.0,-12.0,-12.0,-5.0,10.0,59.0,-3.0,-4.0,-6.0,1.0,15.0,1.0,-4.0,-22.0,21.0,1.0,-6.0,-7.0,-16.0,1.0,-1.0,14.0,-1.0,6.0,25.0,19.0,-12.0,5.0,6.0,-21.0,24.0,2.0,-8.0,-15.0,-17.0,-1.0,-11.0,-37.0,-13.0,-6.0,-14.0,-4.0,19.0,-2.0,5.0,10.0,-53.0,-3.0,-2.0,-2.0,3.0,-4.0,-2.0,7.0,51.0,4.0,2.0,7.0,30.0,1.0,2
2.0,-11.0,-29.0,-6.0,5.0,3.0,-14.0,-2.0,-4.0,-17.0,20.0,6.0,-3.0,1.0,10.0,2.0,0.0,2.0,-43.0,-6.0,-4.0,3.0,-2.0,-7.0,-13.0,-15.0,-26.0,-12.0,-15.0,1.0,-7.0,-7.0,6.0,-1.0,34.0,11.0,15.0,-2.0,8.0,12.0,-7.0,-20.0,-15.0,6.0,-10.0,-8.0,16.0,0.0,5.0,13.0,30.0,-2.0,4.0,-1.0,4.0,-1.0,-9.0,-23.0,-41.0,-7.0,3.0,-10.0,-13.0,-10.0,2
-7.0,11.0,-5.0,-8.0,-5.0,-4.0,-6.0,-7.0,14.0,17.0,-3.0,2.0,9.0,11.0,4.0,0.0,-5.0,-13.0,11.0,1.0,9.0,-2.0,26.0,7.0,16.0,19.0,50.0,9.0,-15.0,-5.0,-30.0,10.0,-9.0,-6.0,-13.0,-11.0,13.0,9.0,18.0,-3.0,-4.0,14.0,22.0,3.0,-25.0,-4.0,34.0,-3.0,-7.0,-11.0,-12.0,-7.0,10.0,-12.0,-61.0,2.0,2.0,-15.0,-18.0,3.0,18.0,-8.0,10.0,0.0,2
3.0,4.0,-18.0,-1.0,2.0,5.0,-4.0,-3.0,-6.0,-14.0,18.0,1.0,4.0,-1.0,-7.0,-6.0,5.0,47.0,53.0,6.0,2.0,8.0,21.0,-5.0,8.0,-34.0,-32.0,-6.0,-4.0,-11.0,8.0,5.0,2.0,41.0,-6.0,-5.0,-10.0,-6.0,-27.0,0.0,-5.0,-12.0,13.0,4.0,11.0,-2.0,6.0,3.0,4.0,14.0,20.0,4.0,-9.0,2.0,12.0,6.0,-12.0,1.0,-6.0,-7.0,-5.0,3.0,4.0,-7.0,2
-7.0,3.0,43.0,7.0,3.0,10.0,12.0,-4.0,7.0,-51.0,-35.0,-10.0,0.0,-9.0,-28.0,-1.0,2.0,55.0,54.0,14.0,1.0,0.0,47.0,-2.0,-12.0,-32.0,-2.0,-8.0,3.0,14.0,-31.0,-2.0,-8.0,-6.0,-28.0,3.0,-10.0,-3.0,-20.0,0.0,-2.0,-16.0,-26.0,-2.0,5.0,-13.0,-10.0,-1.0,8.0,-24.0,-19.0,-12.0,6.0,6.0,-2.0,4.0,0.0,18.0,1.0,7.0,-14.0,9.0,54.0,-2.0,2
-9.0,-30.0,-4.0,-1.0,-3.0,-1.0,-25.0,-7.0,-4.0,8.0,0.0,-1.0,-6.0,-12.0,-19.0,-3.0,14.0,26.0,-18.0,3.0,19.0,3.0,7.0,0.0,-9.0,-19.0,14.0,-4.0,-27.0,-6.0,0.0,1.0,-10.0,-6.0,-27.0,-7.0,2.0,2.0,37.0,-5.0,11.0,7.0,-23.0,2.0,4.0,13.0,-47.0,6.0,-12.0,-27.0,33.0,-8.0,-2.0,-1.0,-18.0,-4.0,-3.0,-5.0,-17.0,9.0,9.0,1.0,0.0,-2.0,2
2.0,21.0,-1.0,-6.0,-2.0,-5.0,5.0,3.0,-7.0,12.0,0.0,-3.0,-2.0,0.0,14.0,-6.0,-3.0,-24.0,-30.0,-4.0,-11.0,-6.0,-5.0,-5.0,0.0,33.0,16.0,-1.0,5.0,-3.0,-17.0,-4.0,0.0,-6.0,1.0,1.0,-4.0,2.0,10.0,4.0,3.0,52.0,-10.0,-7.0,3.0,-3.0,7.0,-6.0,10.0,-15.0,29.0,13.0,-1.0,13.0,4.0,12.0,-3.0,-15.0,-30.0,-2.0,21.0,-8.0,5.0,1.0,2
10.0,-7.0,19.0,-1.0,0.0,4.0,-8.0,0.0,1.0,8.0,-2.0,-1.0,-2.0,5.0,21.0,1.0,-12.0,-24.0,-29.0,-7.0,-13.0,-9.0,-14.0,-8.0,3.0,12.0,-3.0,-7.0,-7.0,-4.0,-4.0,-4.0,1.0,-24.0,3.0,-2.0,1.0,0.0,4.0,-1.0,-2.0,-4.0,-4.0,1.0,4.0,4.0,17.0,0.0,-2.0,0.0,56.0,0.0,-12.0,-6.0,-66.0,-8.0,4.0,-54.0,-73.0,-10.0,32.0,-10.0,16.0,-3.0,2
-15.0,35.0,30.0,24.0,-35.0,-2.0,-11.0,8.0,8.0,23.0,57.0,2.0,20.0,30.0,17.0,6.0,-2.0,18.0,-1.0,1.0,2.0,-14.0,15.0,0.0,-11.0,-28.0,-22.0,-3.0,-22.0,-2.0,0.0,-1.0,-3.0,-2.0,-3.0,0.0,17.0,-2.0,-15.0,-7.0,-1.0,-13.0,10.0,1.0,-1.0,0.0,16.0,-3.0,1.0,-6.0,0.0,-1.0,-3.0,4.0,15.0,1.0,2.0,29.0,23.0,4.0,2.0,6.0,-16.0,2.0,2
-1.0,-42.0,-49.0,-12.0,-1.0,2.0,31.0,-12.0,11.0,57.0,100.0,13.0,-3.0,-9.0,-19.0,9.0,-5.0,-48.0,-108.0,-8.0,12.0,-3.0,-15.0,3.0,4.0,63.0,71.0,17.0,-19.0,-11.0,-7.0,5.0,-11.0,-26.0,-34.0,1.0,42.0,4.0,6.0,-5.0,0.0,-29.0,1.0,-6.0,-13.0,-3.0,-14.0,-6.0,-6.0,7.0,9.0,1.0,-31.0,1.0,2.0,-1.0,-4.0,-3.0,16.0,0.0,8.0,8.0,8.0,-1.0,2
2.0,-2.0,-4.0,-1.0,-8.0,-3.0,-4.0,0.0,-10.0,-20.0,-32.0,-5.0,2.0,-11.0,2.0,-13.0,-2.0,-20.0,-35.0,-8.0,7.0,21.0,7.0,11.0,9.0,63.0,38.0,6.0,-9.0,-13.0,-10.0,1.0,1.0,10.0,3.0,3.0,-12.0,12.0,0.0,3.0,-13.0,-28.0,18.0,-4.0,-3.0,-16.0,-23.0,-2.0,-4.0,-1.0,-31.0,-2.0,-8.0,2.0,19.0,-7.0,2.0,17.0,-41.0,-7.0,3.0,5.0,5.0,-2.0,2
4.0,-1.0,2.0,-3.0,0.0,-10.0,-18.0,4.0,4.0,13.0,-7.0,1.0,-5.0,3.0,11.0,1.0,-4.0,-2.0,3.0,-2.0,-1.0,-4.0,5.0,-3.0,-4.0,-20.0,7.0,-3.0,6.0,18.0,1.0,0.0,-8.0,-29.0,-5.0,-7.0,2.0,-8.0,-12.0,-7.0,28.0,32.0,-31.0,-3.0,-32.0,-18.0,8.0,12.0,19.0,17.0,-11.0,-2.0,64.0,13.0,24.0,5.0,-9.0,-7.0,4.0,10.0,-9.0,-23.0,-44.0,7.0,2
-7.0,11.0,48.0,3.0,-26.0,16.0,22.0,6.0,-13.0,-25.0,-34.0,7.0,6.0,5.0,12.0,-7.0,-4.0,-4.0,-5.0,-3.0,-5.0,-17.0,-37.0,-8.0,-2.0,-15.0,-11.0,-9.0,0.0,11.0,25.0,-2.0,-11.0,1.0,-12.0,4.0,-6.0,0.0,-9.0,2.0,-9.0,-31.0,8.0,-8.0,-8.0,6.0,0.0,-5.0,5.0,38.0,-31.0,-7.0,-14.0,-7.0,5.0,-6.0,0.0,-4.0,13.0,-3.0,14.0,9.0,2.0,-2.0,2
-2.0,-11.0,-11.0,0.0,-5.0,-4.0,1.0,-2.0,-24.0,-52.0,-18.0,-7.0,-1.0,-9.0,-8.0,-13.0,22.0,-15.0,-11.0,-9.0,16.0,-6.0,15.0,5.0,4.0,66.0,85.0,18.0,5.0,33.0,-29.0,9.0,12.0,12.0,40.0,9.0,-4.0,-23.0,-16.0,11.0,5.0,30.0,5.0,5.0,9.0,-5.0,18.0,2.0,-13.0,-2.0,-28.0,-9.0,4.0,0.0,-38.0,-6.0,0.0,-9.0,0.0,-8.0,5.0,-9.0,4.0,-7.0,2
-17.0,-9.0,11.0,9.0,32.0,-1.0,-15.0,-8.0,-1.0,3.0,-55.0,-7.0,-82.0,-10.0,3.0,-2.0,-4.0,-11.0,-31.0,-33.0,24.0,2.0,-9.0,-9.0,-3.0,7.0,7.0,12.0,-3.0,22.0,28.0,4.0,5.0,-6.0,-11.0,-13.0,-12.0,-35.0,14.0,3.0,-11.0,-40.0,-15.0,3.0,31.0,-15.0,-24.0,-3.0,-5.0,19.0,20.0,3.0,-16.0,-1.0,1.0,-7.0,-1.0,-6.0,-5.0,-2.0,-1.0,4.0,2.0,0.0,2
6.0,16.0,-23.0,-1.0,-1.0,4.0,-13.0,-5.0,-9.0,-25.0,28.0,7.0,4.0,8.0,53.0,-2.0,-14.0,26.0,-17.0,-6.0,-39.0,-17.0,-58.0,-8.0,-4.0,-38.0,-17.0,-1.0,25.0,9.0,18.0,0.0,-13.0,-13.0,4.0,7.0,6.0,-6.0,-2.0,-7.0,6.0,-1.0,31.0,-10.0,-18.0,8.0,14.0,1.0,-11.0,-12.0,-12.0,-1.0,10.0,-25.0,-5.0,-5.0,12.0,21.0,3.0,-5.0,2.0,-3.0,-47.0,0.0,2
-8.0,-17.0,-13.0,6.0,-10.0,-6.0,6.0,0.0,-5.0,-3.0,-6.0,-5.0,1.0,7.0,1.0,-3.0,2.0,20.0,-42.0,-2.0,-12.0,12.0,-6.0,0.0,1.0,-22.0,48.0,4.0,4.0,-5.0,9.0,1.0,-2.0,-22.0,-68.0,-7.0,-3.0,-12.0,-4.0,-2.0,5.0,27.0,35.0,3.0,-1.0,-4.0,4.0,0.0,9.0,12.0,70.0,12.0,6.0,6.0,-1.0,6.0,-22.0,-59.0,-100.0,-21.0,0.0,-12.0,-2.0,-9.0,2
-4.0,13.0,36.0,-8.0,17.0,-4.0,-8.0,-5.0,-3.0,-6.0,-41.0,3.0,-25.0,1.0,-10.0,3.0,3.0,8.0,21.0,-2.0,18.0,1.0,-4.0,-3.0,-5.0,-10.0,-4.0,-3.0,4.0,7.0,9.0,-1.0,0.0,-1.0,3.0,-1.0,0.0,2.0,5.0,2.0,2.0,-39.0,-54.0,-1.0,-21.0,-6.0,-7.0,4.0,9.0,35.0,12.0,-14.0,2.0,-3.0,2.0,2.0,-3.0,9.0,15.0,16.0,-13.0,7.0,2.0,2.0,2
-2.0,-20.0,19.0,-4.0,-13.0,3.0,-2.0,-2.0,-13.0,-20.0,-25.0,6.0,14.0,-7.0,-7.0,-4.0,9.0,24.0,-23.0,0.0,-1.0,6.0,6.0,3.0,0.0,-23.0,16.0,-3.0,-15.0,4.0,11.0,-4.0,12.0,31.0,-19.0,-6.0,8.0,-5.0,22.0,-1.0,-6.0,10.0,29.0,-2.0,13.0,-1.0,-32.0,3.0,-7.0,-1.0,-25.0,6.0,-6.0,4.0,-10.0,-3.0,-7.0,-3.0,12.0,-3.0,-4.0,5.0,3.0,0.0,2
-4.0,-8.0,-9.0,3.0,2.0,13.0,-15.0,-2.0,7.0,3.0,-19.0,-7.0,-1.0,-6.0,3.0,-6.0,-1.0,31.0,76.0,16.0,5.0,3.0,8.0,4.0,-9.0,-6.0,-33.0,-5.0,12.0,4.0,-14.0,0.0,2.0,-18.0,2.0,3.0,-18.0,-8.0,14.0,3.0,-5.0,-3.0,6.0,-6.0,10.0,-2.0,5.0,-3.0,1.0,-14.0,-51.0,-6.0,2.0,-4.0,-20.0,-5.0,-6.0,18.0,19.0,6.0,6.0,19.0,-19.0,3.0,2
1.0,-23.0,-36.0,-9.0,-15.0,-3.0,8.0,-4.0,-2.0,-4.0,-35.0,-9.0,2.0,1.0,-24.0,1.0,11.0,12.0,9.0,3.0,-6.0,-1.0,3.0,1.0,-13.0,-23.0,24.0,6.0,-20.0,-3.0,26.0,1.0,-6.0,1.0,-4.0,-8.0,-22.0,11.0,-5.0,-3.0,9.0,12.0,18.0,0.0,7.0,-3.0,-1.0,-2.0,-7.0,-6.0,-40.0,-4.0,4.0,2.0,6.0,-3.0,-6.0,-22.0,-10.0,0.0,2.0,0.0,11.0,0.0,2
9.0,38.0,22.0,5.0,-12.0,-12.0,-20.0,-2.0,4.0,9.0,15.0,-6.0,1.0,10.0,22.0,4.0,-8.0,-29.0,33.0,0.0,-4.0,0.0,-5.0,-3.0,5.0,28.0,3.0,3.0,15.0,-2.0,2.0,2.0,-13.0,-29.0,-6.0,3.0,-15.0,-2.0,6.0,-2.0,-2.0,-6.0,-5.0,-1.0,2.0,0.0,-3.0,-5.0,-8.0,-31.0,-4.0,9.0,-1.0,6.0,7.0,-2.0,-3.0,-26.0,-24.0,-12.0,0.0,8.0,10.0,-7.0,2
3.0,7.0,-16.0,-3.0,0.0,-4.0,-3.0,0.0,3.0,21.0,8.0,0.0,5.0,4.0,3.0,-2.0,-10.0,-19.0,-17.0,0.0,-2.0,-3.0,-2.0,-2.0,16.0,3.0,16.0,-2.0,-2.0,7.0,-4.0,-6.0,2.0,17.0,23.0,7.0,32.0,8.0,-16.0,6.0,5.0,-3.0,24.0,8.0,2.0,10.0,39.0,10.0,-12.0,-7.0,-7.0,-3.0,-14.0,-9.0,-33.0,-1.0,-5.0,10.0,-10.0,-4.0,2.0,15.0,8.0,-2.0,2
-13.0,-30.0,-12.0,-3.0,-4.0,-18.0,4.0,-7.0,-2.0,18.0,-24.0,-3.0,-1.0,-6.0,-13.0,-1.0,2.0,-5.0,-21.0,-2.0,11.0,6.0,2.0,3.0,-2.0,-16.0,-13.0,9.0,-4.0,-7.0,5.0,-5.0,4.0,-1.0,-17.0,-1.0,34.0,19.0,9.0,5.0,-6.0,-3.0,27.0,-1.0,-71.0,12.0,0.0,2.0,-1.0,7.0,-34.0,-9.0,6.0,-8.0,6.0,-5.0,-4.0,-7.0,-17.0,-7.0,5.0,6.0,-3.0,-3.0,2
7.0,-1.0,10.0,0.0,-5.0,-13.0,-10.0,0.0,-17.0,-42.0,-40.0,3.0,10.0,0.0,-6.0,-12.0,12.0,48.0,89.0,6.0,-11.0,-6.0,4.0,11.0,7.0,-30.0,9.0,-2.0,3.0,1.0,-5.0,1.0,12.0,50.0,24.0,-3.0,-13.0,-2.0,9.0,9.0,-11.0,-22.0,-28.0,-7.0,18.0,-6.0,-13.0,-5.0,-4.0,3.0,0.0,2.0,-7.0,7.0,-14.0,-1.0,-10.0,-5.0,-23.0,-11.0,-5.0,1.0,14.0,-4.0,2
-6.0,-20.0,4.0,9.0,8.0,-14.0,-13.0,-5.0,9.0,16.0,6.0,2.0,14.0,7.0,1.0,3.0,1.0,3.0,-40.0,-11.0,-14.0,-1.0,24.0,2.0,2.0,13.0,28.0,-3.0,-6.0,-3.0,1.0,1.0,-14.0,-38.0,-32.0,13.0,6.0,5.0,-33.0,-10.0,16.0,64.0,-11.0,-6.0,15.0,10.0,-8.0,6.0,7.0,-57.0,-46.0,-7.0,-1.0,-14.0,-28.0,4.0,-7.0,40.0,3.0,10.0,-20.0,4.0,17.0,-3.0,2
1.0,-1.0,62.0,0.0,-13.0,-19.0,-10.0,5.0,9.0,-41.0,4.0,-3.0,50.0,21.0,14.0,-2.0,-16.0,-27.0,-8.0,-5.0,-9.0,8.0,10.0,-6.0,6.0,43.0,-15.0,8.0,10.0,8.0,-16.0,5.0,-4.0,-25.0,-50.0,-11.0,-12.0,-5.0,11.0,-5.0,-1.0,15.0,2.0,-3.0,-11.0,-10.0,-4.0,-2.0,-10.0,-12.0,-6.0,1.0,8.0,1.0,9.0,-4.0,-3.0,-6.0,10.0,-10.0,-3.0,-4.0,-1.0,-7.0,2
9.0,-6.0,-15.0,-11.0,1.0,10.0,3.0,1.0,6.0,40.0,50.0,19.0,11.0,-22.0,-3.0,5.0,1.0,57.0,1.0,-4.0,-17.0,22.0,13.0,3.0,-9.0,-18.0,15.0,8.0,36.0,-18.0,-18.0,2.0,1.0,13.0,15.0,-2.0,-3.0,12.0,17.0,-4.0,-3.0,-18.0,-13.0,-5.0,2.0,-1.0,-4.0,0.0,3.0,0.0,-2.0,1.0,-10.0,0.0,4.0,-2.0,-3.0,3.0,-4.0,-2.0,-8.0,5.0,-2.0,-2.0,2
-2.0,-3.0,-6.0,-6.0,10.0,-7.0,0.0,0.0,-10.0,-14.0,-39.0,-10.0,-12.0,-6.0,1.0,-7.0,16.0,21.0,47.0,22.0,14.0,6.0,-1.0,2.0,-24.0,-34.0,-61.0,-18.0,4.0,-9.0,6.0,-2.0,26.0,11.0,31.0,17.0,46.0,11.0,45.0,18.0,-12.0,-34.0,-13.0,-12.0,-33.0,-15.0,-25.0,-1.0,5.0,37.0,25.0,-3.0,-3.0,-8.0,11.0,1.0,-2.0,-37.0,-29.0,-9.0,5.0,4.0,-27.0,-5.0,2
-5.0,-1.0,1.0,-1.0,-7.0,-3.0,2.0,-3.0,0.0,21.0,6.0,-3.0,-10.0,12.0,18.0,-1.0,-6.0,-31.0,-20.0,1.0,14.0,3.0,-11.0,-6.0,15.0,16.0,10.0,-3.0,-34.0,-3.0,13.0,-2.0,-15.0,7.0,1.0,8.0,22.0,3.0,8.0,-2.0,-6.0,-12.0,33.0,18.0,2.0,-12.0,-10.0,-2.0,8.0,21.0,33.0,-3.0,-5.0,-1.0,-12.0,3.0,6.0,4.0,16.0,-2.0,-9.0,-6.0,8.0,8.0,2
0.0,-3.0,-16.0,-4.0,-19.0,29.0,-12.0,-2.0,-5.0,-2.0,16.0,0.0,14.0,-31.0,3.0,0.0,-9.0,-12.0,-3.0,-4.0,-17.0,-9.0,-6.0,-7.0,-6.0,-4.0,19.0,6.0,2.0,5.0,3.0,-3.0,1.0,-12.0,-17.0,-6.0,-2.0,-6.0,-10.0,-2.0,-1.0,5.0,9.0,6.0,-3.0,10.0,-5.0,-2.0,9.0,7.0,-10.0,0.0,0.0,-1.0,13.0,0.0,-22.0,-67.0,-73.0,-7.0,14.0,-3.0,-19.0,-4.0,2
13.0,10.0,20.0,-8.0,-5.0,6.0,37.0,4.0,-2.0,54.0,76.0,23.0,-54.0,-6.0,-54.0,7.0,15.0,18.0,18.0,-9.0,16.0,4.0,-7.0,7.0,-1.0,4.0,-54.0,-3.0,26.0,1.0,10.0,-1.0,-11.0,-31.0,8.0,-3.0,-6.0,-10.0,19.0,-5.0,-1.0,-5.0,-36.0,-5.0,18.0,11.0,24.0,-1.0,-18.0,-20.0,-16.0,-1.0,-11.0,-3.0,-2.0,-6.0,2.0,17.0,11.0,0.0,-10.0,2.0,-10.0,-6.0,2
8.0,-1.0,5.0,-4.0,-9.0,-6.0,-13.0,-5.0,-6.0,-22.0,-16.0,-11.0,13.0,-2.0,2.0,7.0,-17.0,-21.0,-75.0,0.0,-25.0,-1.0,-8.0,-4.0,8.0,60.0,90.0,4.0,3.0,-6.0,6.0,5.0,10.0,26.0,46.0,19.0,-4.0,-5.0,-6.0,2.0,4.0,-15.0,-26.0,-10.0,6.0,10.0,23.0,-2.0,-11.0,-9.0,-28.0,-1.0,11.0,0.0,3.0,-5.0,-23.0,-39.0,19.0,3.0,-13.0,-9.0,-37.0,-8.0,2
11.0,32.0,-37.0,-7.0,-9.0,-7.0,-8.0,6.0,0.0,-11.0,-9.0,2.0,7.0,8.0,16.0,-1.0,-7.0,-4.0,8.0,1.0,1.0,-5.0,7.0,-1.0,3.0,1.0,-2.0,-2.0,-6.0,-2.0,-1.0,-2.0,-16.0,-16.0,-14.0,4.0,1.0,-7.0,-24.0,-13.0,-10.0,-34.0,-45.0,-6.0,25.0,-8.0,14.0,-7.0,8.0,-11.0,-64.0,-17.0,-32.0,18.0,-5.0,6.0,-3.0,63.0,38.0,17.0,-13.0,-17.0,2.0,11.0,2
-11.0,-24.0,-47.0,-3.0,10.0,-2.0,-12.0,-1.0,-2.0,5.0,47.0,4.0,-16.0,4.0,-5.0,-5.0,-7.0,-22.0,-16.0,2.0,66.0,3.0,-4.0,-9.0,8.0,-12.0,-4.0,-2.0,-3.0,4.0,10.0,3.0,-7.0,3.0,5.0,-4.0,-6.0,-7.0,-1.0,0.0,6.0,9.0,-25.0,-9.0,-9.0,5.0,0.0,0.0,-5.0,1.0,40.0,8.0,0.0,-8.0,6.0,1.0,-9.0,-54.0,-25.0,-11.0,-1.0,25.0,-17.0,-15.0,2
7.0,66.0,-36.0,8.0,9.0,-15.0,-1.0,7.0,8.0,2.0,-8.0,-3.0,-3.0,15.0,29.0,6.0,-12.0,11.0,21.0,6.0,-7.0,-17.0,-39.0,1.0,16.0,17.0,-8.0,-8.0,29.0,11.0,20.0,3.0,-18.0,-49.0,-21.0,-7.0,-35.0,4.0,0.0,-2.0,15.0,33.0,79.0,2.0,15.0,-1.0,-6.0,0.0,-9.0,3.0,-7.0,2.0,-9.0,4.0,22.0,0.0,-10.0,-9.0,-20.0,-3.0,20.0,4.0,-2.0,-7.0,2
8.0,-10.0,-14.0,-10.0,4.0,-1.0,0.0,-2.0,4.0,9.0,-3.0,3.0,-6.0,-5.0,-8.0,3.0,-11.0,-35.0,-66.0,-17.0,-2.0,-3.0,1.0,-7.0,9.0,6.0,65.0,25.0,-16.0,1.0,-2.0,6.0,1.0,29.0,26.0,11.0,31.0,-5.0,17.0,5.0,-7.0,-9.0,22.0,-4.0,-19.0,-5.0,0.0,0.0,5.0,27.0,15.0,-6.0,-1.0,-3.0,-19.0,-2.0,3.0,-14.0,-38.0,-5.0,-5.0,-12.0,11.0,0.0,2
0.0,-3.0,13.0,-1.0,-15.0,4.0,-12.0,-3.0,-3.0,-8.0,-19.0,-5.0,9.0,-2.0,-3.0,-2.0,2.0,6.0,25.0,6.0,1.0,4.0,3.0,3.0,1.0,9.0,1.0,0.0,-9.0,-2.0,3.0,2.0,-21.0,-30.0,21.0,0.0,4.0,-9.0,-16.0,-9.0,27.0,12.0,-51.0,-5.0,3.0,12.0,5.0,1.0,5.0,47.0,69.0,-4.0,-13.0,2.0,16.0,4.0,10.0,35.0,-16.0,20.0,3.0,-10.0,14.0,9.0,2
-10.0,-13.0,11.0,-19.0,-9.0,-19.0,-11.0,-6.0,-2.0,9.0,14.0,17.0,-6.0,4.0,-16.0,2.0,-12.0,-19.0,-1.0,4.0,-2.0,-3.0,12.0,-3.0,3.0,2.0,10.0,-7.0,1.0,3.0,6.0,0.0,-4.0,-3.0,-19.0,-5.0,3.0,4.0,5.0,-2.0,-1.0,-3.0,-60.0,-6.0,-2.0,-2.0,-4.0,-6.0,9.0,14.0,92.0,2.0,4.0,-1.0,-7.0,1.0,-7.0,-14.0,-14.0,-6.0,-11.0,-1.0,14.0,-5.0,2
6.0,-3.0,13.0,10.0,6.0,20.0,-4.0,2.0,-4.0,-1.0,-27.0,-5.0,-8.0,-29.0,-7.0,0.0,0.0,-14.0,39.0,10.0,4.0,3.0,0.0,-1.0,-5.0,0.0,-65.0,-9.0,-3.0,-3.0,-13.0,-2.0,11.0,8.0,61.0,12.0,-3.0,-1.0,6.0,2.0,-1.0,2.0,-27.0,-8.0,5.0,2.0,6.0,-1.0,-6.0,-18.0,-28.0,1.0,-3.0,-1.0,7.0,-3.0,-6.0,-6.0,2.0,-5.0,-3.0,-5.0,-10.0,-1.0,2
-10.0,-15.0,2.0,-1.0,0.0,5.0,-2.0,-5.0,20.0,-24.0,-53.0,-18.0,8.0,3.0,-11.0,-4.0,-6.0,46.0,67.0,20.0,-6.0,-12.0,-17.0,7.0,-6.0,-19.0,-26.0,-5.0,-7.0,9.0,7.0,0.0,-2.0,-22.0,-27.0,-7.0,-10.0,-11.0,-11.0,4.0,-4.0,-15.0,-34.0,-2.0,1.0,5.0,11.0,-4.0,-2.0,-12.0,-17.0,-7.0,13.0,0.0,-14.0,-6.0,0.0,18.0,36.0,4.0,-4.0,2.0,8.0,0.0,2
-3.0,-3.0,-19.0,1.0,-8.0,-2.0,4.0,-4.0,1.0,4.0,22.0,0.0,-1.0,-5.0,-1.0,-1.0,-11.0,-48.0,-110.0,-20.0,-12.0,-3.0,0.0,-6.0,12.0,80.0,89.0,31.0,12.0,25.0,2.0,7.0,5.0,6.0,-36.0,-15.0,-21.0,-37.0,22.0,1.0,-17.0,-16.0,56.0,8.0,-1.0,-3.0,-19.0,0.0,7.0,-1.0,-41.0,-8.0,-7.0,-3.0,2.0,-1.0,-7.0,-31.0,-11.0,-9.0,-4.0,0.0,-2.0,-9.0,2
0.0,-2.0,-3.0,-6.0,-6.0,6.0,-11.0,-1.0,-4.0,48.0,40.0,7.0,0.0,2.0,9.0,2.0,0.0,-21.0,-7.0,-6.0,-2.0,-4.0,-7.0,-4.0,-4.0,34.0,-59.0,5.0,-1.0,-4.0,13.0,-3.0,9.0,-9.0,49.0,10.0,3.0,5.0,-20.0,3.0,-10.0,-2.0,-15.0,-15.0,-1.0,4.0,5.0,-3.0,1.0,-13.0,-1.0,3.0,-2.0,2.0,-9.0,4.0,2.0,-10.0,2.0,-12.0,5.0,-8.0,-21.0,-2.0,2
-5.0,4.0,-59.0,-2.0,-16.0,4.0,12.0,-3.0,1.0,2.0,17.0,6.0,12.0,12.0,6.0,0.0,-5.0,-6.0,26.0,7.0,-4.0,3.0,4.0,-4.0,0.0,-10.0,24.0,-4.0,-2.0,-5.0,-2.0,1.0,7.0,32.0,5.0,2.0,13.0,9.0,-12.0,2.0,-18.0,-58.0,-35.0,-8.0,-9.0,-1.0,10.0,-3.0,17.0,40.0,14.0,7.0,-16.0,5.0,-12.0,4.0,-13.0,-33.0,20.0,4.0,10.0,-24.0,0.0,0.0,2
0.0,11.0,28.0,-6.0,-14.0,11.0,13.0,-1.0,10.0,-4.0,-30.0,8.0,22.0,4.0,-2.0,-4.0,-10.0,1.0,-35.0,-9.0,-1.0,-7.0,23.0,1.0,7.0,4.0,14.0,-2.0,-11.0,-4.0,-25.0,0.0,-9.0,-17.0,6.0,-2.0,-4.0,-13.0,-28.0,-5.0,1.0,3.0,29.0,1.0,20.0,-10.0,-6.0,0.0,0.0,-7.0,-15.0,4.0,-14.0,27.0,16.0,8.0,-1.0,0.0,-5.0,-1.0,15.0,-8.0,7.0,0.0,2
-2.0,2.0,-10.0,-2.0,-37.0,4.0,-4.0,-4.0,-6.0,14.0,10.0,0.0,-4.0,-4.0,-13.0,-2.0,0.0,30.0,15.0,3.0,15.0,0.0,-3.0,-3.0,-16.0,-59.0,-50.0,-8.0,5.0,8.0,-3.0,-8.0,22.0,23.0,67.0,11.0,23.0,6.0,10.0,8.0,-6.0,9.0,8.0,0.0,-13.0,-2.0,-21.0,-2.0,-3.0,-15.0,-63.0,-6.0,3.0,-9.0,-6.0,-4.0,3.0,2.0,66.0,14.0,-28.0,-1.0,0.0,5.0,2
4.0,-6.0,-15.0,-18.0,9.0,1.0,8.0,-1.0,13.0,28.0,11.0,-4.0,-22.0,-3.0,12.0,6.0,-8.0,-4.0,9.0,9.0,21.0,-7.0,3.0,-2.0,-8.0,-17.0,-1.0,-2.0,-3.0,0.0,-8.0,-3.0,3.0,-15.0,-25.0,2.0,7.0,0.0,-1.0,-4.0,-5.0,-8.0,2.0,-10.0,-3.0,9.0,9.0,2.0,-2.0,25.0,12.0,0.0,0.0,-10.0,-15.0,-5.0,-4.0,-25.0,-45.0,-4.0,9.0,3.0,4.0,-1.0,2
11.0,32.0,6.0,3.0,5.0,6.0,1.0,4.0,-2.0,-60.0,-22.0,1.0,1.0,0.0,8.0,2.0,-4.0,5.0,0.0,-3.0,-14.0,-3.0,-16.0,-4.0,2.0,11.0,-8.0,-11.0,0.0,-11.0,20.0,2.0,-7.0,-5.0,-5.0,-1.0,27.0,-13.0,-36.0,-5.0,4.0,11.0,-8.0,-4.0,-24.0,0.0,5.0,-3.0,-19.0,-10.0,-15.0,-5.0,15.0,-3.0,-14.0,-4.0,15.0,8.0,24.0,1.0,-8.0,2.0,2.0,3.0,2
-3.0,-25.0,-12.0,-3.0,32.0,13.0,10.0,-3.0,-2.0,19.0,-5.0,5.0,7.0,-12.0,16.0,-2.0,-7.0,0.0,67.0,-4.0,-11.0,-4.0,-21.0,-6.0,1.0,16.0,-42.0,4.0,17.0,1.0,3.0,0.0,0.0,-19.0,-23.0,0.0,-17.0,-3.0,6.0,-1.0,-17.0,-26.0,-7.0,0.0,8.0,1.0,-10.0,-5.0,13.0,-8.0,24.0,-2.0,4.0,0.0,19.0,9.0,-4.0,-2.0,-27.0,-9.0,1.0,3.0,-14.0,-8.0,2
2.0,-23.0,8.0,13.0,-15.0,-8.0,2.0,4.0,3.0,14.0,4.0,3.0,1.0,0.0,-7.0,-4.0,-8.0,-15.0,8.0,1.0,-2.0,1.0,7.0,-3.0,-8.0,11.0,-5.0,-5.0,-13.0,-1.0,-1.0,-6.0,16.0,28.0,16.0,-4.0,4.0,2.0,1.0,10.0,-5.0,8.0,15.0,5.0,3.0,-2.0,-1.0,0.0,5.0,-4.0,-26.0,-3.0,0.0,12.0,9.0,0.0,-9.0,-5.0,25.0,3.0,25.0,5.0,-4.0,-3.0,2
-12.0,-3.0,-5.0,-4.0,-21.0,-21.0,21.0,-7.0,11.0,9.0,-6.0,-10.0,-5.0,8.0,-17.0,0.0,0.0,-7.0,-41.0,-4.0,3.0,-14.0,12.0,4.0,4.0,6.0,35.0,5.0,-1.0,26.0,-8.0,5.0,-8.0,-3.0,-6.0,-10.0,-24.0,-9.0,0.0,-1.0,7.0,7.0,3.0,7.0,9.0,3.0,23.0,-2.0,1.0,5.0,12.0,-3.0,-5.0,-2.0,2.0,0.0,-5.0,6.0,-23.0,-5.0,-5.0,9.0,-6.0,2.0,2
-5.0,-10.0,24.0,4.0,-9.0,-11.0,-1.0,0.0,3.0,7.0,-7.0,4.0,1.0,5.0,-9.0,-1.0,-7.0,-16.0,-13.0,3.0,12.0,-3.0,24.0,-1.0,13.0,-13.0,-15.0,-8.0,-27.0,-16.0,-14.0,6.0,5.0,12.0,0.0,-1.0,12.0,3.0,-19.0,-2.0,-10.0,11.0,-7.0,0.0,0.0,2.0,-12.0,-4.0,-7.0,3.0,-8.0,0.0,-4.0,-29.0,-7.0,-3.0,-3.0,-11.0,-17.0,-8.0,1.0,-6.0,11.0,-1.0,2
-2.0,10.0,-31.0,6.0,2.0,7.0,1.0,-3.0,-5.0,-28.0,32.0,-3.0,2.0,-7.0,-4.0,0.0,1.0,0.0,-37.0,-1.0,-15.0,9.0,-6.0,2.0,-5.0,1.0,19.0,-5.0,-2.0,-3.0,-2.0,-3.0,0.0,-1.0,3.0,2.0,18.0,-4.0,2.0,-5.0,-5.0,4.0,34.0,1.0,17.0,5.0,9.0,1.0,8.0,-12.0,0.0,3.0,-44.0,26.0,13.0,4.0,5.0,37.0,15.0,10.0,22.0,-32.0,-2.0,-2.0,2
-3.0,-11.0,-53.0,-18.0,-8.0,0.0,-10.0,2.0,-1.0,-17.0,34.0,7.0,11.0,-6.0,-1.0,-3.0,-8.0,-3.0,6.0,-9.0,15.0,2.0,12.0,-3.0,0.0,12.0,-14.0,1.0,-16.0,9.0,1.0,0.0,7.0,16.0,4.0,1.0,0.0,5.0,16.0,1.0,-1.0,2.0,-8.0,-7.0,-6.0,0.0,14.0,-2.0,9.0,24.0,8.0,4.0,9.0,-11.0,-42.0,-3.0,-15.0,-17.0,-10.0,1.0,-8.0,0.0,0.0,-3.0,2
1.0,-2.0,21.0,1.0,10.0,10.0,-5.0,-3.0,4.0,31.0,-20.0,-8.0,-28.0,-9.0,12.0,2.0,-4.0,2.0,14.0,16.0,3.0,7.0,-3.0,0.0,-4.0,-16.0,-3.0,-3.0,7.0,-7.0,0.0,-5.0,-1.0,-7.0,-7.0,-1.0,1.0,10.0,8.0,0.0,-2.0,-5.0,29.0,3.0,-6.0,-6.0,-18.0,-4.0,16.0,-20.0,-35.0,-1.0,13.0,5.0,5.0,0.0,1.0,-1.0,10.0,-5.0,10.0,9.0,30.0,2.0,2
1.0,25.0,14.0,10.0,-17.0,1.0,-9.0,6.0,-5.0,4.0,-5.0,-7.0,-45.0,-18.0,-40.0,2.0,-6.0,14.0,16.0,5.0,24.0,2.0,16.0,-4.0,-8.0,-33.0,-8.0,-1.0,-3.0,-3.0,-12.0,-1.0,-4.0,-5.0,-6.0,-7.0,9.0,15.0,15.0,-5.0,4.0,-9.0,26.0,2.0,6.0,-16.0,-7.0,-1.0,-8.0,5.0,-66.0,-8.0,-11.0,1.0,-1.0,-2.0,5.0,-2.0,16.0,0.0,-13.0,5.0,0.0,-1.0,2
-7.0,5.0,8.0,3.0,4.0,-18.0,2.0,-1.0,0.0,-34.0,-41.0,-3.0,8.0,11.0,22.0,3.0,-3.0,49.0,56.0,-10.0,-11.0,-4.0,-17.0,-1.0,7.0,-14.0,-15.0,-4.0,-3.0,0.0,0.0,2.0,3.0,-21.0,16.0,3.0,-1.0,-1.0,-13.0,-2.0,-8.0,0.0,20.0,9.0,14.0,4.0,17.0,-2.0,0.0,3.0,-16.0,-7.0,-1.0,-12.0,1.0,0.0,-8.0,-44.0,-19.0,-1.0,2.0,5.0,-15.0,-5.0,2
-2.0,36.0,4.0,-1.0,5.0,5.0,3.0,-7.0,27.0,15.0,-19.0,7.0,2.0,-8.0,-4.0,3.0,-16.0,-8.0,6.0,-3.0,2.0,14.0,14.0,0.0,-7.0,25.0,14.0,0.0,-27.0,-28.0,-26.0,0.0,-2.0,-31.0,-5.0,-2.0,19.0,-1.0,-18.0,-2.0,-13.0,-3.0,-41.0,2.0,-9.0,-4.0,5.0,-7.0,9.0,47.0,83.0,6.0,-1.0,-10.0,9.0,4.0,1.0,-7.0,-22.0,1.0,38.0,18.0,7.0,-5.0,2
-5.0,21.0,14.0,-3.0,-19.0,-6.0,0.0,-3.0,0.0,-3.0,-37.0,-11.0,9.0,2.0,-53.0,4.0,4.0,-6.0,53.0,6.0,-1.0,3.0,1.0,7.0,-11.0,-8.0,15.0,-2.0,-12.0,2.0,10.0,-2.0,14.0,27.0,-9.0,-5.0,13.0,-1.0,1.0,0.0,-2.0,-8.0,59.0,15.0,0.0,12.0,3.0,1.0,-9.0,-25.0,-109.0,-8.0,-3.0,-7.0,1.0,-4.0,9.0,-4.0,2.0,-1.0,2.0,3.0,-3.0,6.0,2
-8.0,-28.0,12.0,8.0,1.0,1.0,1.0,0.0,11.0,4.0,2.0,-13.0,-2.0,-12.0,28.0,0.0,-14.0,-28.0,-16.0,-15.0,-6.0,4.0,-21.0,-1.0,-3.0,16.0,-3.0,-2.0,1.0,-10.0,15.0,-7.0,7.0,-12.0,-28.0,4.0,-25.0,13.0,-27.0,-2.0,-2.0,42.0,32.0,-1.0,-4.0,3.0,24.0,3.0,6.0,-30.0,-22.0,14.0,44.0,-10.0,-6.0,3.0,4.0,12.0,10.0,-10.0,-9.0,5.0,0.0,3.0,2
-12.0,-18.0,65.0,10.0,-25.0,-9.0,0.0,-5.0,1.0,40.0,-30.0,-8.0,40.0,23.0,-4.0,-4.0,-13.0,15.0,31.0,10.0,-4.0,-11.0,1.0,1.0,8.0,7.0,-7.0,-1.0,-6.0,6.0,-2.0,5.0,3.0,-2.0,-46.0,-10.0,8.0,-6.0,2.0,-1.0,-10.0,-22.0,-6.0,3.0,-4.0,-17.0,-5.0,-6.0,-11.0,-10.0,-1.0,-8.0,-12.0,-3.0,-9.0,-6.0,14.0,22.0,-8.0,-4.0,8.0,6.0,-1.0,-2.0,2
0.0,2.0,44.0,11.0,-4.0,-1.0,9.0,4.0,-8.0,-25.0,-65.0,-5.0,-9.0,-3.0,-16.0,3.0,8.0,1.0,22.0,1.0,5.0,19.0,-19.0,4.0,-4.0,14.0,-9.0,10.0,-11.0,-13.0,3.0,-5.0,12.0,-62.0,-22.0,-13.0,22.0,3.0,3.0,5.0,-1.0,-8.0,-18.0,-5.0,4.0,9.0,24.0,4.0,-4.0,10.0,45.0,14.0,-52.0,-15.0,0.0,0.0,-5.0,-8.0,-9.0,-10.0,6.0,5.0,5.0,-1.0,2
-11.0,8.0,-65.0,6.0,19.0,-12.0,-31.0,-8.0,5.0,-5.0,30.0,-1.0,-3.0,11.0,-1.0,2.0,-10.0,-36.0,-19.0,-4.0,1.0,-4.0,17.0,-2.0,7.0,17.0,17.0,4.0,-4.0,1.0,-7.0,-1.0,9.0,42.0,36.0,-2.0,-7.0,-3.0,18.0,4.0,-7.0,-25.0,-57.0,-8.0,-10.0,-4.0,-6.0,-3.0,-5.0,9.0,-9.0,-6.0,-11.0,-1.0,-5.0,-5.0,0.0,-30.0,38.0,4.0,22.0,4.0,1.0,1.0,2
-6.0,-2.0,-42.0,-4.0,-1.0,0.0,2.0,-5.0,0.0,36.0,86.0,11.0,14.0,2.0,-6.0,0.0,-4.0,-22.0,-61.0,-10.0,2.0,-7.0,6.0,-1.0,0.0,-5.0,-31.0,0.0,1.0,-10.0,1.0,-2.0,1.0,-5.0,20.0,-5.0,9.0,13.0,21.0,2.0,4.0,-7.0,-10.0,-5.0,-19.0,2.0,-11.0,-3.0,11.0,49.0,0.0,0.0,16.0,-8.0,-20.0,-3.0,-18.0,-61.0,-36.0,-9.0,-50.0,4.0,-33.0,4.0,2
3.0,19.0,22.0,2.0,14.0,-30.0,-15.0,5.0,0.0,9.0,-15.0,6.0,-3.0,7.0,18.0,-1.0,-2.0,-20.0,37.0,1.0,12.0,7.0,3.0,-4.0,-5.0,35.0,-2.0,-4.0,3.0,0.0,3.0,-3.0,3.0,-67.0,-24.0,-4.0,-6.0,13.0,9.0,2.0,0.0,21.0,19.0,12.0,3.0,-7.0,-8.0,2.0,-14.0,-46.0,-17.0,8.0,-8.0,-1.0,5.0,-5.0,5.0,62.0,70.0,12.0,10.0,-2.0,4.0,0.0,2
1.0,-12.0,3.0,-11.0,-16.0,-1.0,1.0,2.0,5.0,2.0,13.0,3.0,0.0,6.0,-2.0,-1.0,-1.0,-15.0,-8.0,-6.0,5.0,1.0,0.0,1.0,-3.0,1.0,5.0,1.0,-4.0,0.0,8.0,-2.0,3.0,22.0,-18.0,-3.0,3.0,13.0,34.0,-2.0,-3.0,-29.0,-27.0,-13.0,-17.0,-16.0,-51.0,1.0,-1.0,26.0,67.0,2.0,-2.0,-8.0,-20.0,-1.0,-16.0,-48.0,-61.0,2.0,11.0,-14.0,2.0,-7.0,2
22.0,63.0,29.0,-4.0,-10.0,11.0,2.0,6.0,-11.0,-20.0,-21.0,-7.0,4.0,1.0,14.0,-2.0,-2.0,-14.0,1.0,0.0,4.0,4.0,10.0,0.0,22.0,51.0,5.0,-2.0,-21.0,7.0,40.0,4.0,-20.0,-55.0,-34.0,-1.0,2.0,-11.0,-54.0,-7.0,11.0,33.0,57.0,-3.0,-7.0,16.0,9.0,-4.0,-6.0,-24.0,-24.0,0.0,21.0,-14.0,-6.0,5.0,-3.0,-12.0,-13.0,3.0,10.0,6.0,4.0,-2.0,2
-3.0,26.0,21.0,-1.0,7.0,3.0,11.0,-2.0,-13.0,-6.0,-3.0,-1.0,-28.0,-13.0,0.0,-6.0,0.0,2.0,-18.0,-7.0,-12.0,7.0,7.0,-1.0,11.0,-22.0,8.0,-4.0,4.0,2.0,-5.0,3.0,-12.0,14.0,8.0,-2.0,2.0,2.0,6.0,-3.0,-1.0,16.0,-7.0,5.0,6.0,-5.0,-7.0,1.0,11.0,10.0,-15.0,-4.0,-5.0,8.0,11.0,-1.0,-12.0,-13.0,-7.0,-1.0,-1.0,-8.0,-14.0,-4.0,2
3.0,14.0,33.0,5.0,-1.0,2.0,23.0,1.0,0.0,-25.0,-37.0,-2.0,-8.0,-7.0,-12.0,0.0,-1.0,12.0,34.0,5.0,0.0,-2.0,4.0,-3.0,7.0,-8.0,-38.0,7.0,20.0,-1.0,-18.0,2.0,-3.0,5.0,8.0,-10.0,-2.0,-6.0,5.0,-4.0,-4.0,2.0,54.0,10.0,-11.0,-13.0,0.0,1.0,5.0,18.0,-47.0,-8.0,8.0,1.0,4.0,4.0,-16.0,-28.0,57.0,15.0,1.0,2.0,-13.0,-6.0,2
-5.0,6.0,-33.0,-5.0,-6.0,-8.0,27.0,-5.0,-5.0,-23.0,-49.0,-11.0,-2.0,3.0,-19.0,-4.0,9.0,2.0,24.0,11.0,-14.0,18.0,-3.0,10.0,-7.0,26.0,17.0,-4.0,-2.0,-14.0,9.0,-3.0,2.0,-7.0,-3.0,4.0,2.0,0.0,3.0,0.0,7.0,4.0,-19.0,-3.0,6.0,-13.0,-29.0,-3.0,-15.0,-11.0,-1.0,-5.0,-21.0,18.0,6.0,2.0,6.0,12.0,-23.0,-7.0,13.0,-18.0,3.0,0.0,2
1.0,15.0,9.0,17.0,1.0,-3.0,-18.0,0.0,-4.0,-33.0,-14.0,-11.0,14.0,12.0,25.0,-3.0,-9.0,-2.0,6.0,0.0,-20.0,-9.0,-13.0,-2.0,4.0,19.0,0.0,-5.0,-15.0,3.0,0.0,4.0,-3.0,1.0,-6.0,-9.0,-6.0,-6.0,-21.0,-4.0,-3.0,14.0,18.0,7.0,12.0,3.0,13.0,-2.0,3.0,-8.0,-3.0,-2.0,15.0,-5.0,7.0,1.0,-6.0,-5.0,12.0,-1.0,-6.0,5.0,5.0,-1.0,2
-9.0,-54.0,-29.0,-5.0,-14.0,-7.0,-12.0,-7.0,12.0,68.0,-15.0,-11.0,-8.0,0.0,14.0,10.0,-8.0,-7.0,53.0,4.0,19.0,9.0,-15.0,0.0,-2.0,0.0,1.0,-6.0,-20.0,9.0,-10.0,-4.0,-2.0,-22.0,-22.0,3.0,5.0,-8.0,-4.0,-1.0,-1.0,4.0,1.0,1.0,-1.0,0.0,0.0,-5.0,-2.0,18.0,23.0,6.0,23.0,-1.0,11.0,-4.0,-1.0,-11.0,8.0,5.0,-27.0,5.0,-3.0,6.0,2
3.0,3.0,-18.0,-7.0,-16.0,16.0,-6.0,-4.0,0.0,0.0,0.0,9.0,-16.0,-10.0,25.0,8.0,9.0,-1.0,11.0,0.0,-5.0,0.0,3.0,1.0,6.0,4.0,-16.0,0.0,6.0,-6.0,1.0,1.0,-3.0,12.0,44.0,2.0,-1.0,-4.0,-13.0,-3.0,-1.0,-8.0,-37.0,-6.0,-13.0,2.0,9.0,-4.0,-4.0,-15.0,-4.0,-7.0,-3.0,-8.0,-14.0,1.0,1.0,-8.0,-24.0,-12.0,8.0,11.0,-15.0,-2.0,2
-5.0,-7.0,9.0,11.0,-5.0,-23.0,8.0,1.0,1.0,11.0,28.0,12.0,23.0,2.0,-4.0,-2.0,-4.0,9.0,-18.0,-2.0,-8.0,-3.0,-2.0,-9.0,-5.0,-19.0,-17.0,-8.0,9.0,3.0,7.0,4.0,1.0,-7.0,-16.0,-1.0,14.0,27.0,-36.0,2.0,-16.0,-38.0,27.0,0.0,-7.0,-21.0,14.0,-7.0,0.0,-2.0,-49.0,-8.0,1.0,-4.0,2.0,0.0,9.0,10.0,6.0,2.0,-14.0,-7.0,-3.0,-3.0,2
4.0,37.0,19.0,-4.0,11.0,7.0,1.0,2.0,-17.0,-34.0,20.0,4.0,9.0,-2.0,-9.0,2.0,-2.0,5.0,7.0,3.0,-12.0,0.0,-19.0,-2.0,-7.0,-18.0,-44.0,-7.0,2.0,-2.0,9.0,-4.0,5.0,1.0,9.0,-1.0,9.0,-5.0,9.0,-4.0,5.0,6.0,15.0,-3.0,1.0,14.0,-4.0,2.0,-10.0,-16.0,-75.0,-2.0,-25.0,-8.0,-17.0,-3.0,4.0,17.0,84.0,7.0,19.0,20.0,-3.0,-2.0,2
7.0,-9.0,-17.0,0.0,-13.0,-18.0,-14.0,9.0,-6.0,-18.0,-25.0,-7.0,12.0,13.0,2.0,-2.0,6.0,13.0,-28.0,-4.0,12.0,0.0,9.0,1.0,-3.0,-21.0,7.0,4.0,-4.0,5.0,8.0,-9.0,5.0,5.0,-27.0,-7.0,24.0,13.0,28.0,2.0,-5.0,-4.0,27.0,7.0,-6.0,-13.0,-5.0,-1.0,3.0,-15.0,-30.0,-4.0,1.0,-2.0,-6.0,-1.0,2.0,21.0,27.0,1.0,14.0,-2.0,-11.0,7.0,2
0.0,19.0,-1.0,1.0,-3.0,-9.0,0.0,-2.0,2.0,-5.0,-19.0,0.0,-25.0,12.0,-3.0,4.0,-10.0,-9.0,26.0,2.0,12.0,6.0,9.0,-6.0,-3.0,-17.0,-18.0,-5.0,-1.0,-16.0,4.0,-3.0,5.0,7.0,-8.0,3.0,30.0,-9.0,-4.0,1.0,9.0,17.0,59.0,22.0,-36.0,-2.0,20.0,7.0,1.0,22.0,17.0,-10.0,-29.0,10.0,-43.0,-4.0,-8.0,-13.0,-48.0,6.0,-2.0,-14.0,-5.0,-3.0,2
17.0,66.0,113.0,14.0,0.0,5.0,16.0,3.0,-7.0,-17.0,-4.0,-12.0,11.0,-3.0,-9.0,-5.0,1.0,-60.0,-63.0,-5.0,3.0,1.0,8.0,1.0,2.0,59.0,67.0,15.0,7.0,0.0,-6.0,1.0,-10.0,0.0,13.0,-8.0,0.0,-4.0,14.0,-2.0,8.0,-2.0,20.0,7.0,29.0,-2.0,2.0,-2.0,-14.0,-25.0,-11.0,-4.0,-1.0,-2.0,-4.0,-10.0,-1.0,-38.0,-41.0,-17.0,-22.0,2.0,-22.0,4.0,2
-7.0,-26.0,-23.0,1.0,6.0,-8.0,7.0,0.0,7.0,33.0,6.0,1.0,10.0,2.0,11.0,-2.0,-5.0,16.0,-4.0,-5.0,-1.0,-2.0,-3.0,-1.0,-1.0,-29.0,-8.0,0.0,12.0,5.0,-6.0,-6.0,2.0,-1.0,-24.0,0.0,-7.0,-17.0,-2.0,2.0,-7.0,-32.0,-14.0,-5.0,-12.0,-2.0,-11.0,-2.0,-3.0,-5.0,-21.0,-4.0,40.0,6.0,0.0,-1.0,2.0,14.0,-12.0,2.0,2.0,0.0,-36.0,-2.0,2
3.0,20.0,22.0,-1.0,-3.0,9.0,10.0,5.0,-10.0,-4.0,-2.0,-7.0,-4.0,-3.0,4.0,-1.0,3.0,22.0,-10.0,-6.0,-19.0,5.0,4.0,0.0,2.0,8.0,-4.0,-2.0,7.0,-3.0,3.0,0.0,-4.0,-21.0,2.0,3.0,-3.0,0.0,7.0,1.0,-2.0,-6.0,0.0,-2.0,7.0,-4.0,-3.0,-2.0,-5.0,-11.0,-4.0,-1.0,-9.0,1.0,-2.0,-4.0,-10.0,-25.0,47.0,2.0,-8.0,0.0,6.0,-4.0,2
-5.0,4.0,-16.0,-1.0,7.0,-5.0,-8.0,-5.0,7.0,55.0,32.0,-2.0,-5.0,-20.0,3.0,1.0,6.0,14.0,-13.0,-4.0,-1.0,4.0,-4.0,2.0,-2.0,-33.0,-29.0,2.0,3.0,6.0,2.0,1.0,0.0,3.0,-11.0,-10.0,-8.0,-8.0,-4.0,-1.0,-2.0,-4.0,4.0,8.0,13.0,6.0,-4.0,-1.0,-6.0,2.0,-3.0,1.0,1.0,1.0,-3.0,-2.0,6.0,35.0,33.0,-8.0,-10.0,-2.0,6.0,1.0,2
-12.0,-25.0,-107.0,-15.0,18.0,-11.0,-9.0,-3.0,15.0,7.0,98.0,20.0,10.0,16.0,10.0,3.0,-2.0,10.0,12.0,6.0,-5.0,0.0,2.0,-1.0,0.0,-34.0,-53.0,-14.0,3.0,18.0,18.0,-1.0,-9.0,3.0,33.0,5.0,-6.0,-19.0,-18.0,-5.0,3.0,-15.0,-30.0,-5.0,-3.0,-3.0,16.0,2.0,1.0,1.0,-10.0,5.0,5.0,-1.0,10.0,2.0,2.0,3.0,22.0,-2.0,5.0,9.0,-9.0,-4.0,2
-6.0,5.0,31.0,4.0,-1.0,-1.0,8.0,3.0,-8.0,37.0,9.0,1.0,-2.0,-1.0,-19.0,-5.0,3.0,-20.0,3.0,-5.0,-1.0,2.0,5.0,1.0,-11.0,-17.0,-15.0,-7.0,-14.0,-9.0,-2.0,-3.0,7.0,19.0,-35.0,0.0,2.0,1.0,-2.0,0.0,0.0,-4.0,11.0,-4.0,-12.0,-9.0,-8.0,-2.0,-3.0,-19.0,-22.0,-4.0,-13.0,3.0,-2.0,0.0,1.0,1.0,31.0,-6.0,-16.0,-4.0,-3.0,-2.0,2
10.0,20.0,1.0,8.0,12.0,-1.0,22.0,3.0,-8.0,-15.0,17.0,6.0,17.0,2.0,3.0,1.0,-3.0,-20.0,-51.0,-20.0,-15.0,4.0,0.0,-3.0,-2.0,25.0,-2.0,27.0,16.0,4.0,-21.0,-5.0,0.0,14.0,-4.0,-10.0,7.0,15.0,12.0,3.0,8.0,18.0,35.0,9.0,2.0,-22.0,-6.0,1.0,-6.0,-29.0,-15.0,-1.0,6.0,20.0,-2.0,-1.0,4.0,7.0,33.0,-7.0,-26.0,-18.0,-19.0,1.0,2
-5.0,1.0,-22.0,0.0,35.0,-3.0,-11.0,-3.0,16.0,4.0,-35.0,-1.0,-7.0,15.0,17.0,1.0,-2.0,2.0,54.0,-2.0,5.0,-7.0,-9.0,1.0,-13.0,-13.0,3.0,6.0,7.0,5.0,8.0,-5.0,-5.0,5.0,16.0,1.0,-19.0,-10.0,-8.0,-1.0,-1.0,-21.0,-8.0,-12.0,-10.0,10.0,4.0,-3.0,1.0,-29.0,-9.0,8.0,42.0,-6.0,31.0,1.0,3.0,-6.0,-31.0,-14.0,-15.0,-16.0,-13.0,3.0,2
-14.0,21.0,21.0,0.0,-28.0,-8.0,15.0,-4.0,9.0,0.0,-31.0,9.0,13.0,1.0,-11.0,1.0,-2.0,-7.0,6.0,1.0,-6.0,-7.0,11.0,-6.0,-8.0,-11.0,-3.0,-2.0,-6.0,2.0,3.0,-1.0,-7.0,23.0,-4.0,-7.0,4.0,-8.0,-5.0,-4.0,8.0,23.0,-11.0,-6.0,-5.0,38.0,26.0,4.0,-2.0,-40.0,5.0,0.0,7.0,-15.0,-20.0,1.0,3.0,14.0,-14.0,7.0,1.0,-15.0,2.0,1.0,2
-3.0,20.0,24.0,1.0,-16.0,4.0,-18.0,-2.0,-6.0,-20.0,-49.0,-12.0,-5.0,2.0,21.0,-1.0,6.0,10.0,36.0,-1.0,1.0,4.0,-19.0,0.0,-16.0,-16.0,-2.0,2.0,13.0,9.0,5.0,-5.0,8.0,2.0,-28.0,-12.0,-29.0,-15.0,18.0,-4.0,-5.0,-3.0,45.0,14.0,65.0,4.0,-6.0,-2.0,5.0,-10.0,-18.0,-9.0,-13.0,-2.0,-8.0,6.0,4.0,-8.0,-36.0,0.0,-24.0,-1.0,-14.0,2.0,2
-7.0,6.0,65.0,9.0,-8.0,0.0,1.0,-1.0,-2.0,12.0,10.0,-6.0,-9.0,-16.0,-7.0,-3.0,-2.0,15.0,-25.0,3.0,10.0,15.0,16.0,-2.0,-4.0,1.0,41.0,0.0,-4.0,15.0,17.0,0.0,-10.0,-13.0,-60.0,-8.0,6.0,-25.0,-22.0,-5.0,7.0,-18.0,9.0,3.0,-6.0,8.0,6.0,1.0,-4.0,7.0,8.0,1.0,-5.0,-16.0,-22.0,3.0,-5.0,-5.0,6.0,-13.0,-8.0,7.0,2.0,-5.0,2
6.0,4.0,-15.0,5.0,8.0,7.0,-15.0,4.0,-11.0,-6.0,15.0,2.0,-6.0,15.0,-2.0,-5.0,-1.0,32.0,9.0,-10.0,-8.0,-29.0,18.0,-1.0,9.0,-8.0,-16.0,0.0,-3.0,6.0,5.0,1.0,0.0,-14.0,25.0,-6.0,1.0,5.0,6.0,-3.0,-5.0,8.0,-26.0,-8.0,-7.0,-12.0,-27.0,-2.0,4.0,17.0,3.0,19.0,22.0,15.0,-6.0,0.0,7.0,7.0,1.0,-3.0,-4.0,-8.0,-6.0,0.0,2
9.0,68.0,47.0,5.0,7.0,0.0,2.0,6.0,-11.0,-37.0,-62.0,-1.0,-13.0,4.0,9.0,0.0,2.0,5.0,38.0,-5.0,10.0,-10.0,8.0,4.0,-10.0,-25.0,7.0,-5.0,3.0,-8.0,-12.0,-9.0,15.0,1.0,-17.0,1.0,-2.0,5.0,-4.0,1.0,-4.0,17.0,29.0,4.0,1.0,3.0,6.0,2.0,-9.0,-19.0,-42.0,-3.0,-2.0,4.0,15.0,0.0,3.0,-15.0,-5.0,6.0,5.0,-5.0,-22.0,-4.0,2
-2.0,-18.0,-12.0,-9.0,-15.0,-1.0,10.0,1.0,10.0,24.0,46.0,8.0,32.0,-2.0,-26.0,4.0,-4.0,-2.0,-1.0,2.0,-23.0,6.0,27.0,-1.0,-4.0,-13.0,-45.0,-11.0,1.0,22.0,31.0,-7.0,0.0,13.0,4.0,8.0,-23.0,-21.0,-51.0,-2.0,-5.0,-4.0,8.0,-3.0,-24.0,-21.0,10.0,1.0,8.0,2.0,18.0,3.0,35.0,10.0,-9.0,-2.0,-3.0,12.0,-44.0,-13.0,-3.0,24.0,14.0,3.0,2
-13.0,-44.0,15.0,10.0,-13.0,-4.0,-7.0,-3.0,3.0,1.0,34.0,2.0,4.0,4.0,9.0,-1.0,0.0,45.0,13.0,6.0,-6.0,2.0,-8.0,-5.0,-6.0,-1.0,7.0,-5.0,-2.0,-5.0,10.0,0.0,-6.0,-12.0,-1.0,-2.0,8.0,-1.0,-14.0,-4.0,11.0,29.0,-23.0,-3.0,-16.0,-7.0,-15.0,2.0,-12.0,-23.0,-55.0,-6.0,-3.0,-4.0,-5.0,-3.0,15.0,37.0,74.0,15.0,13.0,-13.0,-4.0,5.0,2
-5.0,33.0,-10.0,4.0,-6.0,8.0,15.0,2.0,0.0,0.0,-15.0,-3.0,4.0,-3.0,17.0,-5.0,-4.0,-51.0,-10.0,1.0,-12.0,17.0,-6.0,-1.0,-7.0,-12.0,-21.0,-6.0,10.0,-17.0,-16.0,-5.0,11.0,9.0,21.0,7.0,11.0,0.0,14.0,3.0,-20.0,-11.0,-25.0,1.0,-1.0,-1.0,-7.0,-3.0,-1.0,9.0,8.0,-6.0,-15.0,4.0,16.0,0.0,22.0,-21.0,9.0,-1.0,32.0,5.0,6.0,5.0,2
-15.0,-9.0,-13.0,4.0,6.0,-11.0,10.0,-5.0,-2.0,-12.0,-13.0,-7.0,-10.0,-9.0,-19.0,-1.0,-1.0,-10.0,-3.0,1.0,13.0,-1.0,-9.0,-1.0,-10.0,-36.0,10.0,-4.0,-11.0,3.0,5.0,0.0,1.0,-3.0,-19.0,-9.0,3.0,2.0,-12.0,2.0,3.0,2.0,-45.0,-5.0,0.0,25.0,30.0,0.0,-3.0,8.0,41.0,3.0,-11.0,-37.0,-21.0,-4.0,-4.0,-11.0,-25.0,3.0,-8.0,-2.0,-9.0,3.0,2
21.0,27.0,10.0,1.0,26.0,8.0,11.0,8.0,-8.0,-28.0,11.0,8.0,-39.0,4.0,2.0,-2.0,-14.0,-45.0,-15.0,-4.0,5.0,9.0,-10.0,-9.0,8.0,25.0,-6.0,-7.0,-4.0,-3.0,24.0,3.0,-11.0,-16.0,-30.0,-6.0,-10.0,-2.0,-18.0,-3.0,-3.0,36.0,20.0,-1.0,9.0,-5.0,-1.0,0.0,2.0,12.0,1.0,0.0,-2.0,-2.0,8.0,-3.0,-6.0,15.0,34.0,7.0,-11.0,-4.0,-12.0,-5.0,2
9.0,-2.0,-19.0,-6.0,0.0,0.0,1.0,0.0,6.0,17.0,41.0,-4.0,6.0,-6.0,1.0,2.0,-8.0,-12.0,-58.0,-3.0,0.0,5.0,10.0,-3.0,4.0,4.0,16.0,-5.0,1.0,1.0,-13.0,-3.0,-5.0,-8.0,-32.0,13.0,-14.0,1.0,46.0,1.0,-7.0,-44.0,-37.0,-2.0,2.0,-2.0,-61.0,-1.0,16.0,62.0,30.0,-3.0,28.0,0.0,-7.0,4.0,-5.0,-19.0,-7.0,-1.0,-19.0,0.0,-8.0,-3.0,2
1.0,-3.0,12.0,-6.0,16.0,2.0,24.0,-4.0,-8.0,-32.0,-3.0,0.0,5.0,36.0,-1.0,-2.0,-2.0,-2.0,-44.0,-2.0,-11.0,-56.0,-22.0,-6.0,6.0,49.0,67.0,4.0,0.0,-3.0,-10.0,3.0,2.0,-35.0,-11.0,-5.0,1.0,5.0,4.0,-1.0,-1.0,36.0,74.0,10.0,4.0,0.0,12.0,2.0,-2.0,-14.0,-21.0,-6.0,-5.0,21.0,-1.0,1.0,-5.0,-17.0,-39.0,4.0,-1.0,-7.0,11.0,-7.0,2
-11.0,-1.0,-16.0,-4.0,-6.0,-10.0,-22.0,-4.0,-1.0,-19.0,-37.0,-7.0,3.0,-8.0,15.0,-1.0,8.0,32.0,23.0,-1.0,-1.0,21.0,16.0,3.0,-11.0,-5.0,-44.0,-13.0,-7.0,-11.0,26.0,-5.0,3.0,-16.0,32.0,9.0,-3.0,-5.0,-29.0,1.0,-8.0,18.0,-15.0,0.0,2.0,-5.0,16.0,-6.0,1.0,-11.0,-8.0,-14.0,-2.0,1.0,-10.0,-1.0,-5.0,1.0,18.0,9.0,-12.0,0.0,12.0,4.0,2
-4.0,1.0,33.0,-8.0,0.0,4.0,-20.0,-2.0,-8.0,-6.0,10.0,2.0,-2.0,-12.0,14.0,-2.0,19.0,25.0,0.0,0.0,-29.0,-11.0,15.0,2.0,3.0,-6.0,5.0,2.0,58.0,15.0,-7.0,-1.0,-2.0,-7.0,7.0,3.0,-8.0,42.0,6.0,-3.0,1.0,-10.0,-65.0,-8.0,-7.0,-44.0,1.0,6.0,-5.0,-20.0,66.0,8.0,9.0,8.0,0.0,-4.0,-2.0,-11.0,-24.0,-4.0,-6.0,-11.0,-25.0,1.0,2
6.0,-15.0,4.0,-6.0,-1.0,9.0,7.0,-3.0,-10.0,-11.0,-30.0,-9.0,14.0,4.0,10.0,-3.0,-5.0,-18.0,-18.0,5.0,-31.0,7.0,-6.0,3.0,-1.0,8.0,21.0,-2.0,-19.0,-2.0,-2.0,-1.0,-7.0,-3.0,-74.0,-5.0,3.0,-14.0,2.0,-3.0,4.0,-9.0,102.0,12.0,9.0,5.0,-10.0,-3.0,3.0,-5.0,-6.0,-7.0,-13.0,-7.0,0.0,0.0,3.0,-17.0,8.0,15.0,-8.0,-2.0,5.0,2.0,2
4.0,38.0,-13.0,-9.0,24.0,10.0,-5.0,3.0,-1.0,4.0,0.0,-4.0,-13.0,-19.0,16.0,-3.0,5.0,23.0,5.0,2.0,17.0,15.0,-24.0,-1.0,-1.0,21.0,29.0,0.0,-18.0,-5.0,-17.0,1.0,0.0,-10.0,10.0,-3.0,2.0,-3.0,2.0,-1.0,11.0,26.0,35.0,7.0,2.0,1.0,-1.0,3.0,-7.0,-8.0,20.0,5.0,6.0,-3.0,32.0,-4.0,11.0,9.0,-33.0,-9.0,-9.0,-3.0,-8.0,0.0,2
1.0,-6.0,8.0,-4.0,29.0,-3.0,-4.0,5.0,-6.0,9.0,-57.0,-5.0,-9.0,8.0,-7.0,-4.0,-3.0,-18.0,4.0,-6.0,2.0,-2.0,-4.0,-1.0,-2.0,-17.0,-43.0,0.0,1.0,12.0,-1.0,-2.0,-3.0,8.0,16.0,5.0,-14.0,-21.0,11.0,0.0,5.0,24.0,25.0,6.0,10.0,13.0,-2.0,5.0,-12.0,-17.0,-37.0,-3.0,6.0,-18.0,5.0,0.0,3.0,-20.0,11.0,-6.0,-11.0,-8.0,-24.0,-3.0,2
3.0,23.0,13.0,7.0,-13.0,10.0,16.0,-3.0,-7.0,-19.0,-6.0,-10.0,-5.0,5.0,-20.0,-3.0,3.0,7.0,14.0,6.0,20.0,3.0,-7.0,5.0,5.0,46.0,74.0,7.0,14.0,0.0,-26.0,3.0,-12.0,-7.0,-38.0,-1.0,-19.0,-19.0,3.0,-3.0,4.0,-10.0,2.0,-4.0,6.0,-3.0,2.0,1.0,-9.0,-4.0,-14.0,-6.0,-29.0,3.0,-4.0,-3.0,6.0,1.0,-15.0,1.0,13.0,0.0,16.0,-4.0,2
1.0,30.0,5.0,1.0,-33.0,5.0,-9.0,3.0,-17.0,-34.0,-1.0,2.0,0.0,-11.0,-4.0,-4.0,4.0,-23.0,-42.0,-8.0,-4.0,3.0,1.0,-1.0,1.0,34.0,50.0,4.0,-2.0,-2.0,17.0,1.0,-7.0,-27.0,-61.0,-7.0,1.0,-7.0,-15.0,-5.0,0.0,-12.0,43.0,0.0,0.0,16.0,25.0,-4.0,13.0,68.0,39.0,8.0,-13.0,-7.0,-5.0,4.0,-4.0,-25.0,10.0,-2.0,-1.0,-22.0,-4.0,3.0,2
-5.0,-49.0,-18.0,-4.0,6.0,9.0,0.0,-4.0,2.0,13.0,-45.0,-2.0,-3.0,-4.0,3.0,4.0,-6.0,-9.0,8.0,0.0,20.0,4.0,-12.0,-8.0,-10.0,-19.0,-31.0,-1.0,-12.0,9.0,-4.0,-2.0,-10.0,12.0,64.0,1.0,2.0,-6.0,-29.0,0.0,6.0,27.0,-19.0,-3.0,0.0,-3.0,4.0,1.0,1.0,-18.0,-7.0,8.0,4.0,11.0,-3.0,2.0,5.0,10.0,-2.0,-1.0,1.0,4.0,15.0,3.0,2
-8.0,1.0,10.0,2.0,1.0,-5.0,4.0,-2.0,-9.0,-16.0,-1.0,-2.0,-7.0,7.0,-22.0,1.0,9.0,41.0,11.0,6.0,-1.0,-5.0,1.0,0.0,0.0,-16.0,-32.0,-4.0,-4.0,13.0,39.0,0.0,7.0,-2.0,50.0,8.0,8.0,16.0,-11.0,0.0,-11.0,-25.0,-18.0,-10.0,-21.0,-17.0,3.0,-3.0,13.0,23.0,-11.0,-7.0,18.0,-8.0,11.0,0.0,-8.0,10.0,41.0,0.0,-18.0,0.0,16.0,1.0,2
4.0,1.0,2.0,4.0,11.0,8.0,-8.0,3.0,-3.0,4.0,-41.0,7.0,-3.0,-4.0,2.0,0.0,-14.0,-64.0,-9.0,-11.0,-14.0,3.0,-7.0,-3.0,3.0,34.0,-15.0,10.0,21.0,1.0,-15.0,-3.0,5.0,-25.0,0.0,4.0,-19.0,-8.0,15.0,5.0,-3.0,20.0,46.0,2.0,8.0,3.0,-16.0,-4.0,-15.0,-45.0,-39.0,-3.0,-5.0,-6.0,4.0,-1.0,0.0,18.0,-2.0,-6.0,5.0,5.0,-11.0,-7.0,2
-10.0,-16.0,-29.0,-8.0,1.0,-13.0,-5.0,-2.0,4.0,6.0,17.0,10.0,8.0,1.0,10.0,1.0,-4.0,-4.0,6.0,-5.0,0.0,14.0,1.0,1.0,2.0,-2.0,-12.0,-6.0,-17.0,-10.0,-21.0,-3.0,-5.0,19.0,14.0,-3.0,4.0,-4.0,12.0,-3.0,-5.0,-2.0,-48.0,-7.0,13.0,12.0,13.0,-5.0,9.0,33.0,5.0,-2.0,-2.0,12.0,-4.0,6.0,-8.0,-29.0,0.0,14.0,19.0,-8.0,5.0,-1.0,2
-1.0,7.0,7.0,-12.0,-30.0,-29.0,2.0,-2.0,5.0,-18.0,-14.0,2.0,16.0,1.0,16.0,2.0,-7.0,64.0,6.0,-1.0,-4.0,4.0,-14.0,-2.0,-5.0,-48.0,-8.0,-7.0,-2.0,-19.0,3.0,-2.0,15.0,28.0,-4.0,1.0,9.0,10.0,49.0,2.0,-14.0,19.0,22.0,-4.0,-14.0,-6.0,-37.0,-7.0,6.0,-42.0,-10.0,3.0,11.0,-5.0,11.0,-1.0,-12.0,-10.0,-17.0,-7.0,-2.0,8.0,-11.0,-5.0,2
-9.0,-46.0,-48.0,-3.0,2.0,-3.0,2.0,-2.0,7.0,38.0,69.0,1.0,-4.0,0.0,1.0,2.0,1.0,-8.0,-9.0,0.0,2.0,-7.0,-4.0,1.0,-1.0,-3.0,-10.0,-9.0,-8.0,3.0,5.0,0.0,0.0,5.0,27.0,20.0,-5.0,7.0,-9.0,1.0,-6.0,-20.0,-40.0,-7.0,-1.0,-4.0,7.0,-5.0,-3.0,21.0,4.0,-6.0,-10.0,-13.0,-24.0,0.0,11.0,-8.0,52.0,12.0,22.0,-18.0,2.0,5.0,2
2.0,41.0,-20.0,-14.0,-9.0,-2.0,-1.0,-4.0,-4.0,-20.0,6.0,7.0,-2.0,3.0,5.0,-4.0,-20.0,-18.0,-44.0,-9.0,-20.0,-8.0,-3.0,-7.0,6.0,-12.0,-41.0,0.0,39.0,7.0,0.0,1.0,-11.0,-12.0,34.0,0.0,-2.0,6.0,-5.0,-2.0,13.0,35.0,4.0,-1.0,8.0,-10.0,2.0,4.0,-2.0,-3.0,24.0,1.0,9.0,9.0,-1.0,-7.0,1.0,10.0,-23.0,5.0,-28.0,9.0,-13.0,-1.0,2
-6.0,-39.0,-18.0,0.0,18.0,-9.0,-15.0,-2.0,1.0,7.0,-10.0,-2.0,-22.0,7.0,8.0,-1.0,3.0,-14.0,18.0,5.0,13.0,-9.0,-11.0,4.0,-7.0,1.0,14.0,-7.0,-13.0,-1.0,-4.0,-2.0,4.0,29.0,10.0,-1.0,-6.0,8.0,5.0,2.0,-3.0,-13.0,0.0,2.0,1.0,-4.0,-13.0,0.0,7.0,36.0,30.0,6.0,4.0,4.0,12.0,2.0,1.0,-35.0,-26.0,-10.0,-7.0,0.0,21.0,-3.0,2
-2.0,8.0,2.0,0.0,-8.0,2.0,-32.0,-6.0,-7.0,-18.0,32.0,8.0,10.0,11.0,-30.0,4.0,4.0,-13.0,-2.0,-10.0,-11.0,-26.0,7.0,1.0,-1.0,39.0,6.0,2.0,11.0,-1.0,5.0,-1.0,8.0,10.0,-14.0,3.0,5.0,13.0,3.0,4.0,-10.0,-7.0,39.0,9.0,-10.0,-12.0,-14.0,-4.0,5.0,-3.0,-18.0,-5.0,3.0,13.0,23.0,-3.0,-10.0,5.0,1.0,-6.0,-26.0,-19.0,-39.0,-3.0,2
13.0,-12.0,-29.0,-3.0,17.0,1.0,21.0,4.0,3.0,-17.0,-17.0,-3.0,11.0,-5.0,-4.0,-5.0,-4.0,-1.0,-25.0,-1.0,3.0,6.0,14.0,-1.0,-6.0,-20.0,-33.0,-12.0,-31.0,-1.0,-10.0,-5.0,-1.0,36.0,50.0,16.0,10.0,-4.0,4.0,6.0,4.0,5.0,17.0,0.0,17.0,11.0,4.0,3.0,-1.0,-47.0,-2.0,2.0,1.0,3.0,-5.0,0.0,0.0,30.0,-31.0,-6.0,10.0,3.0,7.0,1.0,2
2.0,-1.0,-12.0,-6.0,1.0,-6.0,-6.0,-5.0,-11.0,-26.0,-32.0,-2.0,-8.0,-5.0,-1.0,-4.0,15.0,29.0,40.0,7.0,-2.0,5.0,16.0,0.0,-7.0,-25.0,0.0,1.0,36.0,5.0,-4.0,0.0,-6.0,7.0,0.0,0.0,-24.0,-12.0,-31.0,2.0,-9.0,0.0,-7.0,-5.0,11.0,10.0,13.0,0.0,-2.0,-4.0,-18.0,-2.0,-18.0,-17.0,-10.0,-6.0,-2.0,8.0,31.0,8.0,-3.0,9.0,11.0,-2.0,2
-5.0,-49.0,-22.0,-12.0,-10.0,15.0,15.0,1.0,-1.0,4.0,-35.0,-10.0,0.0,-39.0,-12.0,-2.0,10.0,-9.0,-19.0,0.0,-4.0,-3.0,-3.0,5.0,6.0,2.0,44.0,0.0,-9.0,9.0,-1.0,-1.0,-11.0,16.0,38.0,4.0,14.0,-6.0,-1.0,-5.0,-10.0,-25.0,-19.0,-3.0,-19.0,11.0,6.0,-4.0,-6.0,-2.0,23.0,-2.0,12.0,11.0,-6.0,1.0,0.0,-1.0,-28.0,-2.0,2.0,-5.0,26.0,2.0,2
-3.0,-1.0,4.0,2.0,-5.0,4.0,-1.0,-3.0,3.0,-16.0,-43.0,-11.0,0.0,1.0,-4.0,-2.0,-2.0,29.0,58.0,19.0,2.0,-25.0,2.0,-2.0,10.0,0.0,-20.0,-5.0,4.0,8.0,-1.0,-1.0,-9.0,-11.0,59.0,6.0,-5.0,1.0,5.0,-2.0,3.0,33.0,8.0,-1.0,-9.0,0.0,12.0,3.0,-6.0,-1.0,-23.0,-7.0,3.0,4.0,-11.0,-2.0,-4.0,8.0,24.0,3.0,-14.0,1.0,2.0,-4.0,2
1.0,-10.0,-51.0,-6.0,-3.0,-8.0,-5.0,-5.0,-18.0,-16.0,11.0,-1.0,7.0,-6.0,-6.0,-4.0,9.0,-37.0,-33.0,-4.0,-20.0,8.0,-5.0,2.0,13.0,38.0,3.0,4.0,15.0,-3.0,-9.0,5.0,-7.0,-18.0,22.0,-1.0,11.0,0.0,-3.0,-3.0,-1.0,16.0,32.0,5.0,-13.0,4.0,0.0,2.0,5.0,16.0,-22.0,-5.0,5.0,18.0,10.0,1.0,-7.0,-23.0,2.0,-3.0,21.0,-13.0,-3.0,-3.0,2
-2.0,1.0,-22.0,11.0,-38.0,10.0,-10.0,-4.0,-3.0,-8.0,4.0,0.0,-7.0,-16.0,6.0,2.0,3.0,-7.0,-18.0,3.0,11.0,3.0,-4.0,1.0,13.0,24.0,-3.0,-2.0,-8.0,6.0,35.0,4.0,-3.0,7.0,42.0,-1.0,12.0,-6.0,-42.0,1.0,3.0,12.0,5.0,2.0,-8.0,8.0,-2.0,-7.0,-1.0,29.0,27.0,3.0,1.0,-7.0,-11.0,2.0,5.0,-28.0,-48.0,-2.0,-2.0,2.0,-1.0,1.0,2
-9.0,-23.0,-52.0,-14.0,-3.0,-8.0,7.0,-2.0,6.0,35.0,14.0,6.0,10.0,7.0,15.0,8.0,-13.0,-6.0,31.0,2.0,5.0,-7.0,2.0,-4.0,6.0,7.0,4.0,-1.0,-23.0,3.0,-21.0,1.0,-2.0,0.0,4.0,-9.0,-7.0,4.0,3.0,0.0,1.0,-53.0,2.0,10.0,19.0,-10.0,1.0,-1.0,7.0,68.0,21.0,0.0,0.0,14.0,10.0,3.0,-21.0,-38.0,-32.0,-6.0,-32.0,-18.0,-26.0,-6.0,2
5.0,28.0,34.0,5.0,21.0,6.0,14.0,4.0,7.0,15.0,18.0,8.0,24.0,13.0,24.0,-1.0,-12.0,-42.0,-53.0,-4.0,8.0,15.0,-26.0,-1.0,-4.0,-12.0,4.0,1.0,-1.0,-20.0,-27.0,0.0,2.0,15.0,-27.0,-7.0,2.0,1.0,8.0,-1.0,-12.0,-4.0,17.0,2.0,-39.0,-5.0,-4.0,-2.0,4.0,-26.0,-4.0,-7.0,-4.0,-5.0,15.0,-1.0,0.0,15.0,0.0,-1.0,4.0,2.0,-6.0,-3.0,2
-3.0,-15.0,-26.0,-7.0,5.0,-2.0,-3.0,-5.0,2.0,-25.0,-37.0,-7.0,2.0,-1.0,-5.0,2.0,-5.0,13.0,-6.0,9.0,-1.0,-1.0,4.0,3.0,-10.0,-28.0,14.0,-1.0,-8.0,7.0,1.0,1.0,13.0,68.0,20.0,14.0,17.0,-12.0,12.0,-2.0,-10.0,-27.0,-46.0,-11.0,-4.0,11.0,-10.0,-4.0,-4.0,-47.0,25.0,5.0,-3.0,-7.0,2.0,-4.0,13.0,34.0,29.0,-1.0,9.0,11.0,-2.0,1.0,2
-11.0,-20.0,-48.0,-10.0,11.0,-6.0,-15.0,3.0,9.0,25.0,35.0,8.0,-6.0,11.0,-3.0,4.0,-12.0,-11.0,9.0,7.0,4.0,-19.0,-7.0,-5.0,-9.0,-7.0,-7.0,-5.0,7.0,5.0,14.0,-3.0,-5.0,-12.0,-11.0,1.0,-2.0,2.0,6.0,-1.0,5.0,12.0,-19.0,-10.0,-8.0,2.0,-12.0,0.0,1.0,9.0,30.0,-6.0,2.0,-2.0,17.0,-8.0,-7.0,-65.0,-31.0,-1.0,-30.0,-4.0,-24.0,-8.0,2
18.0,103.0,21.0,8.0,71.0,16.0,55.0,-2.0,-8.0,-30.0,8.0,0.0,-2.0,-12.0,-37.0,13.0,-3.0,-11.0,14.0,7.0,-10.0,-2.0,-2.0,-1.0,-3.0,15.0,14.0,-5.0,0.0,-11.0,-2.0,0.0,-8.0,-45.0,-29.0,-6.0,-12.0,-6.0,-5.0,-6.0,3.0,16.0,7.0,0.0,2.0,-5.0,12.0,-4.0,3.0,-8.0,-1.0,0.0,8.0,1.0,-3.0,0.0,8.0,34.0,-4.0,3.0,14.0,12.0,9.0,0.0,2
-9.0,-35.0,2.0,3.0,-20.0,-5.0,-13.0,-2.0,10.0,65.0,9.0,-5.0,6.0,8.0,19.0,2.0,10.0,2.0,10.0,-5.0,-20.0,7.0,-10.0,5.0,-5.0,-1.0,-44.0,3.0,20.0,-25.0,18.0,1.0,-7.0,-13.0,36.0,-1.0,-12.0,3.0,-7.0,0.0,4.0,4.0,-12.0,7.0,-5.0,-9.0,-30.0,-1.0,-7.0,-14.0,-42.0,-13.0,0.0,-1.0,7.0,-3.0,9.0,24.0,36.0,1.0,-3.0,5.0,7.0,-1.0,2
-8.0,-17.0,-16.0,-4.0,-10.0,-3.0,13.0,-1.0,0.0,-3.0,-18.0,-4.0,4.0,9.0,-18.0,-5.0,3.0,18.0,14.0,-2.0,3.0,-5.0,-11.0,0.0,-3.0,-5.0,17.0,4.0,2.0,4.0,24.0,1.0,-10.0,-24.0,-35.0,-5.0,-2.0,-6.0,-20.0,-6.0,2.0,0.0,-2.0,-3.0,0.0,-6.0,3.0,-1.0,-5.0,-5.0,-5.0,-2.0,4.0,7.0,-2.0,-2.0,-1.0,12.0,-38.0,-12.0,1.0,-24.0,6.0,-8.0,2
-2.0,-25.0,17.0,1.0,-10.0,2.0,-10.0,6.0,12.0,-27.0,-2.0,17.0,68.0,-18.0,14.0,8.0,-4.0,24.0,21.0,4.0,-31.0,6.0,18.0,2.0,-2.0,17.0,13.0,1.0,3.0,3.0,-13.0,-2.0,-7.0,-11.0,-4.0,-3.0,3.0,-2.0,-15.0,-3.0,-6.0,-4.0,1.0,-14.0,-21.0,-9.0,7.0,-5.0,-1.0,-16.0,-17.0,-4.0,2.0,4.0,-12.0,-1.0,3.0,0.0,7.0,3.0,2.0,15.0,-1.0,1.0,2
-12.0,-26.0,-35.0,-3.0,-2.0,-9.0,23.0,-4.0,4.0,-3.0,39.0,-2.0,-19.0,-5.0,-22.0,-4.0,-7.0,28.0,-9.0,0.0,7.0,0.0,13.0,-2.0,-1.0,-12.0,16.0,-7.0,-21.0,-4.0,-23.0,1.0,1.0,14.0,20.0,0.0,20.0,2.0,-8.0,1.0,-11.0,-22.0,-25.0,-6.0,-3.0,6.0,15.0,-1.0,8.0,24.0,4.0,-2.0,-1.0,-2.0,-7.0,-5.0,-1.0,-20.0,2.0,-4.0,10.0,1.0,2.0,2.0,2
0.0,-15.0,12.0,3.0,-3.0,-1.0,8.0,-1.0,-5.0,-3.0,-11.0,-4.0,-15.0,0.0,-3.0,-1.0,-5.0,11.0,17.0,-5.0,2.0,-3.0,-10.0,-13.0,5.0,-10.0,-68.0,7.0,29.0,26.0,9.0,8.0,9.0,24.0,10.0,-18.0,-51.0,-19.0,32.0,6.0,-7.0,12.0,51.0,25.0,26.0,-1.0,-32.0,1.0,-6.0,-12.0,-56.0,-10.0,-5.0,-4.0,5.0,5.0,-4.0,15.0,45.0,8.0,14.0,3.0,1.0,-7.0,2
-11.0,-22.0,-59.0,-9.0,7.0,-7.0,3.0,-4.0,4.0,13.0,-11.0,-9.0,-6.0,-1.0,3.0,0.0,2.0,-18.0,-22.0,-5.0,-7.0,0.0,-1.0,-2.0,3.0,-8.0,57.0,1.0,-4.0,6.0,31.0,1.0,-18.0,-6.0,6.0,9.0,19.0,14.0,-47.0,-1.0,1.0,8.0,-25.0,-12.0,-35.0,-27.0,0.0,-2.0,-2.0,-12.0,-4.0,1.0,8.0,-12.0,-32.0,0.0,10.0,10.0,-8.0,-5.0,-16.0,-5.0,25.0,4.0,2
-1.0,-9.0,6.0,-2.0,6.0,8.0,16.0,-4.0,0.0,6.0,8.0,-1.0,4.0,12.0,-7.0,0.0,0.0,-15.0,-34.0,0.0,-7.0,0.0,-1.0,0.0,-4.0,13.0,37.0,4.0,13.0,-8.0,-12.0,-6.0,1.0,12.0,8.0,6.0,-6.0,-2.0,2.0,-1.0,-13.0,-49.0,-58.0,-7.0,1.0,16.0,8.0,-7.0,20.0,31.0,20.0,-1.0,2.0,-11.0,4.0,2.0,-6.0,-16.0,-31.0,-7.0,-11.0,12.0,1.0,6.0,2
23.0,56.0,65.0,-4.0,-1.0,-18.0,0.0,3.0,-7.0,-9.0,-36.0,6.0,-18.0,8.0,-5.0,0.0,-5.0,-28.0,5.0,3.0,5.0,2.0,7.0,0.0,-4.0,1.0,76.0,6.0,-9.0,-5.0,-11.0,-6.0,-5.0,-4.0,-36.0,-2.0,-2.0,6.0,3.0,2.0,4.0,28.0,20.0,0.0,-10.0,-10.0,10.0,-1.0,1.0,-18.0,0.0,-2.0,-6.0,15.0,27.0,0.0,-4.0,-26.0,-43.0,-7.0,12.0,-27.0,-54.0,-1.0,2
20.0,37.0,25.0,3.0,-33.0,12.0,3.0,4.0,0.0,7.0,16.0,3.0,15.0,-30.0,3.0,4.0,-6.0,-10.0,-21.0,-3.0,12.0,4.0,-3.0,-7.0,4.0,40.0,96.0,5.0,-12.0,5.0,16.0,9.0,-2.0,-25.0,-30.0,-6.0,8.0,-5.0,-20.0,4.0,6.0,11.0,2.0,0.0,-4.0,4.0,13.0,-2.0,-18.0,-39.0,-4.0,1.0,6.0,-9.0,-8.0,-2.0,6.0,20.0,-64.0,-13.0,3.0,3.0,2.0,-5.0,2
0.0,-7.0,70.0,13.0,2.0,1.0,14.0,0.0,8.0,64.0,10.0,-2.0,-4.0,-1.0,-26.0,-4.0,-3.0,1.0,-23.0,-3.0,-2.0,-10.0,5.0,4.0,-4.0,-56.0,-23.0,-3.0,2.0,-8.0,-3.0,-5.0,9.0,35.0,-1.0,-1.0,0.0,11.0,10.0,6.0,-7.0,-9.0,44.0,6.0,-1.0,-12.0,10.0,-1.0,-4.0,-8.0,31.0,18.0,7.0,-3.0,15.0,1.0,-4.0,11.0,-10.0,0.0,21.0,-1.0,-36.0,-2.0,2
4.0,-5.0,-2.0,-2.0,-4.0,4.0,-9.0,-4.0,-7.0,-12.0,-15.0,-2.0,9.0,5.0,23.0,1.0,-3.0,-30.0,-5.0,-3.0,-19.0,18.0,-3.0,-4.0,0.0,11.0,15.0,-2.0,-6.0,-21.0,19.0,-3.0,16.0,8.0,-30.0,-2.0,12.0,-4.0,-6.0,4.0,-2.0,41.0,15.0,4.0,-7.0,14.0,-20.0,2.0,-3.0,-8.0,8.0,-3.0,0.0,-11.0,6.0,-1.0,-5.0,12.0,-12.0,1.0,-3.0,0.0,-3.0,-6.0,2
-5.0,-27.0,10.0,-1.0,5.0,-3.0,-2.0,-5.0,-12.0,6.0,-2.0,-1.0,-12.0,-8.0,-4.0,-9.0,3.0,-25.0,-47.0,-3.0,7.0,4.0,1.0,7.0,-4.0,5.0,3.0,-5.0,-17.0,3.0,3.0,-5.0,-9.0,5.0,27.0,4.0,6.0,-10.0,-6.0,-4.0,9.0,-31.0,-23.0,-7.0,5.0,6.0,10.0,4.0,-11.0,0.0,-2.0,9.0,-21.0,3.0,-4.0,-5.0,2.0,-4.0,-4.0,4.0,55.0,23.0,-24.0,-2.0,2
-7.0,-2.0,-11.0,-3.0,-52.0,-29.0,-7.0,-2.0,-4.0,48.0,9.0,-1.0,1.0,0.0,-1.0,-6.0,2.0,2.0,-24.0,-7.0,13.0,-1.0,11.0,-2.0,7.0,-3.0,45.0,5.0,-7.0,1.0,-45.0,6.0,0.0,6.0,-8.0,-4.0,-6.0,15.0,5.0,3.0,-5.0,-21.0,-19.0,-1.0,-1.0,-4.0,2.0,1.0,6.0,21.0,36.0,5.0,3.0,2.0,7.0,3.0,-15.0,-8.0,20.0,-6.0,-4.0,-1.0,4.0,-7.0,2
2.0,-27.0,-32.0,-3.0,11.0,-4.0,0.0,-2.0,5.0,-19.0,-20.0,-3.0,-7.0,-4.0,-19.0,1.0,-6.0,6.0,34.0,-6.0,13.0,-1.0,7.0,-5.0,3.0,-4.0,-54.0,-4.0,-33.0,4.0,16.0,2.0,2.0,29.0,19.0,2.0,3.0,-19.0,-21.0,-3.0,-11.0,-29.0,-9.0,-9.0,-31.0,-1.0,12.0,1.0,5.0,-1.0,-22.0,-7.0,38.0,0.0,-10.0,-2.0,-8.0,12.0,32.0,6.0,-28.0,6.0,7.0,-3.0,2
-6.0,-21.0,-10.0,-6.0,0.0,-1.0,2.0,-2.0,16.0,22.0,8.0,7.0,-1.0,4.0,6.0,-4.0,-6.0,33.0,-1.0,6.0,6.0,0.0,5.0,3.0,-6.0,-12.0,-30.0,-9.0,4.0,-1.0,10.0,-3.0,-5.0,-31.0,-33.0,4.0,2.0,-12.0,20.0,4.0,-2.0,-15.0,-12.0,-3.0,10.0,-4.0,-17.0,-1.0,1.0,6.0,19.0,6.0,-11.0,3.0,-5.0,0.0,6.0,-20.0,-29.0,-9.0,9.0,1.0,14.0,1.0,2
-2.0,26.0,25.0,5.0,0.0,3.0,3.0,-3.0,9.0,6.0,-47.0,-4.0,0.0,8.0,17.0,3.0,-12.0,-30.0,15.0,0.0,-2.0,-9.0,-24.0,-3.0,0.0,-16.0,-31.0,-3.0,-12.0,1.0,13.0,0.0,7.0,23.0,43.0,4.0,6.0,1.0,-22.0,3.0,-14.0,-16.0,2.0,-7.0,-2.0,-9.0,-10.0,-5.0,2.0,10.0,-15.0,-4.0,-20.0,2.0,10.0,-3.0,7.0,17.0,13.0,5.0,3.0,10.0,-7.0,2.0,2
7.0,3.0,-25.0,-14.0,0.0,-23.0,21.0,-2.0,-4.0,1.0,36.0,19.0,16.0,-1.0,6.0,0.0,-7.0,2.0,-17.0,1.0,-31.0,-2.0,0.0,-2.0,2.0,-23.0,41.0,0.0,-6.0,15.0,25.0,4.0,3.0,12.0,8.0,1.0,24.0,-15.0,-38.0,-5.0,-5.0,-6.0,-15.0,-4.0,6.0,17.0,-6.0,-3.0,-4.0,-9.0,1.0,1.0,8.0,-28.0,-5.0,0.0,-3.0,13.0,-10.0,8.0,10.0,2.0,10.0,-2.0,2
